Schema,Field,Original Term,Preferred Target Classes,Preferred Target Domains,Preferred Target Vocabularies,Mapped Term,Concept ID,Concept Code,Term Type,Status,Match Type,Class,Domain,Vocabulary,Manual Map Type,Mapped By,Approved By,Review URL,Notes
Sample Registration,specimen_tissue_source,Abdominal fluid,,,,Abdominal fluid sample,37155821,33511000087108,Synonym,Active,Inexact,Specimen,Specimen,SNOMED,,Justin Liu,,Review,
Sample Registration,specimen_tissue_source,Amniotic fluid,,,,Amniotic fluid,4297445,77012006,Concept,Active,Exact,Substance,Observation,SNOMED,,Justin Liu,,Review,
Sample Registration,specimen_tissue_source,Arterial blood,,,,Arterial blood,4187930,4635002,Concept,Active,Exact,Substance,Observation,SNOMED,,Justin Liu,,Review,
Sample Registration,specimen_tissue_source,Bile,,,,Bile,4289901,70150004,Concept,Active,Exact,Substance,Observation,SNOMED,,Justin Liu,,Review,
Sample Registration,specimen_tissue_source,Blood derived - bone marrow,,,SNOMED,,,,,,No Match,,,,,,,Review,
Sample Registration,specimen_tissue_source,Blood derived - peripheral blood,,,SNOMED,,,,,,No Match,,,,,,,Review,
Sample Registration,specimen_tissue_source,Bone marrow fluid,,,,Bone marrow fluid,4188816,413679007,Concept,Active,Exact,Substance,Observation,SNOMED,,Justin Liu,,Review,
Sample Registration,specimen_tissue_source,Bone marrow derived mononuclear cells,,,SNOMED,,,,,,No Match,,,,,,,Review,
Sample Registration,specimen_tissue_source,Buccal cell,,,SNOMED,Epithelial cell,4172959,4212006,Concept,Active,Inexact,Body Structure,Spec Anatomic Site,SNOMED,Manual,Justin Liu 4,,Review,https://www.microscopyu.com/gallery-images/buccal-epithelial-cells
Sample Registration,specimen_tissue_source,Buffy coat,,,,Buffy coat,4122286,258587000,Concept,Active,Exact,Specimen,Specimen,SNOMED,,Justin Liu,,Review,
Sample Registration,specimen_tissue_source,Cerebrospinal fluid,,,,Cerebrospinal fluid,4278997,65216001,Concept,Active,Exact,Substance,Observation,SNOMED,,Justin Liu,,Review,
Sample Registration,specimen_tissue_source,Cervical mucus,,,,Cervical mucus,4097519,26859008,Concept,Active,Exact,Substance,Observation,SNOMED,,Justin Liu,,Review,
Sample Registration,specimen_tissue_source,Convalescent plasma,,,,Convalescent plasma,37156878,1179779000,Concept,Active,Exact,Substance,Observation,SNOMED,,Justin Liu,,Review,
Sample Registration,specimen_tissue_source,Cord blood,,,,Cord blood,4052756,12499000,Concept,Active,Exact,Substance,Observation,SNOMED,,Justin Liu,,Review,
Sample Registration,specimen_tissue_source,Duodenal fluid,,,,Duodenal fluid,1030100,LP7186-2,Concept,Active,Exact,LOINC System,Observation,LOINC,,Justin Liu,,Review,
Sample Registration,specimen_tissue_source,Female genital fluid,,,,Female genital fluid,4197276,50473004,Concept,Active,Exact,Substance,Observation,SNOMED,,Justin Liu,,Review,
Sample Registration,specimen_tissue_source,Fetal blood,,,,Fetal blood,40784728,LP62758-5,Concept,Active,Exact,LOINC Component,Observation,LOINC,,Justin Liu,,Review,
Sample Registration,specimen_tissue_source,Hydrocele fluid,,,,Hydrocele fluid,37110739,725093005,Concept,Active,Exact,Substance,Observation,SNOMED,,Justin Liu,,Review,
Sample Registration,specimen_tissue_source,Male genital fluid,,,,Male genital fluid,4050890,23378005,Concept,Active,Exact,Substance,Observation,SNOMED,,Justin Liu,,Review,
Sample Registration,specimen_tissue_source,Other,,,,Other,9177,74964007,Concept,Active,Exact,Qualifier Value,Meas Value,SNOMED,,Justin Liu,,Review,
Sample Registration,specimen_tissue_source,Pancreatic fluid,,,,Pancreatic fluid,4067914,17387004,Concept,Active,Exact,Substance,Observation,SNOMED,,Justin Liu,,Review,
Sample Registration,specimen_tissue_source,Pericardial effusion,,,,Pericardial effusion,4161701,373945007,Concept,Active,Exact,Disorder,Condition,SNOMED,,Justin Liu,,Review,
Sample Registration,specimen_tissue_source,Pleural fluid,,,,Pleural fluid,4100638,2778004,Concept,Active,Exact,Substance,Observation,SNOMED,,Justin Liu,,Review,
Sample Registration,specimen_tissue_source,Renal cyst fluid,,,,Renal cyst fluid,37117012,734111007,Concept,Active,Exact,Substance,Observation,SNOMED,,Justin Liu,,Review,
Sample Registration,specimen_tissue_source,Saliva,,,,Saliva,4120374,256897009,Concept,Active,Exact,Substance,Observation,SNOMED,,Justin Liu,,Review,
Sample Registration,specimen_tissue_source,Seminal fluid,,,,Seminal fluid,4289619,6993007,Concept,Active,Exact,Substance,Observation,SNOMED,,Justin Liu,,Review,
Sample Registration,specimen_tissue_source,Serum,,,,Serum,4194767,67922002,Concept,Active,Exact,Substance,Observation,SNOMED,,Justin Liu,,Review,
Sample Registration,specimen_tissue_source,Solid tissue,,,SNOMED,,,,,,No Match,,,,,,,Review,
Sample Registration,specimen_tissue_source,Sputum,,,,Sputum,4164116,45710003,Concept,Active,Exact,Substance,Observation,SNOMED,,Justin Liu,,Review,
Sample Registration,specimen_tissue_source,Synovial fluid,,,,Synovial fluid,4246175,6085005,Concept,Active,Exact,Substance,Observation,SNOMED,,Justin Liu,,Review,
Sample Registration,specimen_tissue_source,Urine,,,,Urine,4299925,78014005,Concept,Active,Exact,Substance,Observation,SNOMED,,Justin Liu,,Review,
Sample Registration,specimen_tissue_source,Venous blood,,,,Venous blood,4203287,53130003,Concept,Active,Exact,Substance,Observation,SNOMED,,Justin Liu,,Review,
Sample Registration,specimen_tissue_source,Vitreous fluid,,,,Vitreous fluid,1033732,LP7715-8,Concept,Active,Exact,LOINC System,Observation,LOINC,,Justin Liu,,Review,
Sample Registration,specimen_tissue_source,Whole blood,,,,Whole blood,4170424,420135007,Concept,Active,Exact,Substance,Observation,SNOMED,,Justin Liu,,Review,
Sample Registration,specimen_tissue_source,Wound,,,,Fluid specimen from wound (specimen),4046837,122566000,Synonym,Active,Inexact,Specimen,Specimen,SNOMED,Manual,Justin Liu 4,,Review,
Sample Registration,tumour_normal_designation,Normal,,,,Normal,4069590,17621005,Concept,Active,Exact,Qualifier Value,Meas Value,SNOMED,,Justin Liu,,Review,
Sample Registration,tumour_normal_designation,Tumour,,,,Tumour,4030314,108369006,Synonym,Active,Exact,Morph Abnormality,Observation,SNOMED,,Justin Liu,,Review,
Sample Registration,specimen_type,Cell line - derived from normal,,,SNOMED,,,,,,No Match,,,,,,,Review,
Sample Registration,specimen_type,Cell line - derived from primary tumour,,,SNOMED,,,,,,No Match,,,,,,,Review,
Sample Registration,specimen_type,Cell line - derived from metastatic tumour,,,SNOMED,,,,,,No Match,,,,,,,Review,
Sample Registration,specimen_type,Cell line - derived from xenograft tumour,,,SNOMED,,,,,,No Match,,,,,,,Review,
Sample Registration,specimen_type,Metastatic tumour - additional metastatic,,,SNOMED,"Tumour, metastatic",4032806,14799000,Synonym,Active,Inexact,Morph Abnormality,Observation,SNOMED,Closest Parent,Justin Liu 4,,Review,
Sample Registration,specimen_type,Metastatic tumour - metastasis local to lymph node,,,SNOMED,"Tumour, metastatic",4032806,14799000,Synonym,Active,Inexact,Morph Abnormality,Observation,SNOMED,Closest Parent,Justin Liu 4,,Review,
Sample Registration,specimen_type,Metastatic tumour - metastasis to distant location,,,SNOMED,"Tumour, metastatic",4032806,14799000,Synonym,Active,Inexact,Morph Abnormality,Observation,SNOMED,Closest Parent,Justin Liu 4,,Review,
Sample Registration,specimen_type,Metastatic tumour,,,,"Tumour, metastatic",4032806,14799000,Synonym,Active,Inexact,Morph Abnormality,Observation,SNOMED,,Justin Liu,,Review,
Sample Registration,specimen_type,Normal - tissue adjacent to primary tumour,,,SNOMED,Normal,4069590,17621005,Concept,Active,Inexact,Qualifier Value,Meas Value,SNOMED,Closest Parent,Justin Liu 4,,Review,
Sample Registration,specimen_type,Normal,,,,Normal,4069590,17621005,Concept,Active,Exact,Qualifier Value,Meas Value,SNOMED,,Justin Liu,,Review,
Sample Registration,specimen_type,Primary tumour - additional new primary,,,SNOMED,Primary malignant neoplasm,439392,372087000,Concept,Active,Inexact,Disorder,Condition,SNOMED,Closest Parent,Justin Liu 4,,Review,
Sample Registration,specimen_type,Primary tumour - adjacent to normal,,,SNOMED,Primary malignant neoplasm,439392,372087000,Concept,Active,Inexact,Disorder,Condition,SNOMED,Closest Parent,Justin Liu 4,,Review,
Sample Registration,specimen_type,Primary tumour,,,,Primary malignant neoplasm,439392,372087000,Concept,Active,Inexact,Disorder,Condition,SNOMED,,Justin Liu,,Review,
Sample Registration,specimen_type,Recurrent tumour,,,,Recurrent tumour,4097297,25173007,Synonym,Active,Exact,Disorder,Condition,SNOMED,,Justin Liu,,Review,
Sample Registration,specimen_type,Tumour - unknown if derived from primary or metastatic tumour,,,SNOMED,,,,,,No Match,,,,,,,Review,
Sample Registration,specimen_type,Xenograft - derived from primary tumour,,,SNOMED,Xenograft,4195546,67650000,Concept,Active,Inexact,Substance,Device,SNOMED,Closest Parent,Justin Liu 4,,Review,
Sample Registration,specimen_type,Xenograft - derived from metastatic tumour,,,SNOMED,Xenograft,4195546,67650000,Concept,Active,Inexact,Substance,Device,SNOMED,Closest Parent,Justin Liu 4,,Review,
Sample Registration,specimen_type,Xenograft - derived from tumour cell line,,,SNOMED,Xenograft,4195546,67650000,Concept,Active,Inexact,Substance,Device,SNOMED,Closest Parent,Justin Liu 4,,Review,
Sample Registration,sample_type,Amplified DNA,,,SNOMED,,,,,,No Match,,,,,,,Review,
Sample Registration,sample_type,ctDNA,,,SNOMED,,,,,,No Match,,,,,,,Review,
Sample Registration,sample_type,Other DNA enrichments,,,SNOMED,,,,,,No Match,,,,,,,Review,
Sample Registration,sample_type,Other RNA fractions,,,SNOMED,,,,,,No Match,,,,,,,Review,
Sample Registration,sample_type,polyA+ RNA,,,SNOMED,,,,,,No Match,,,,,,,Review,
Sample Registration,sample_type,Protein,,,,Protein,40779250,LP15838-3,Concept,Active,Exact,LOINC Component,Observation,LOINC,,Justin Liu,,Review,
Sample Registration,sample_type,rRNA-depleted RNA,,,SNOMED,,,,,,No Match,,,,,,,Review,
Sample Registration,sample_type,Total DNA,,,SNOMED,,,,,,No Match,,,,,,,Review,
Sample Registration,sample_type,Total RNA,,,SNOMED,,,,,,No Match,,,,,,,Review,
Sample Registration,sample_type,Whole cell - DNA,,,SNOMED,,,,,,No Match,,,,,,,Review,
Sample Registration,sample_type,Whole cell - protein,,,SNOMED,,,,,,No Match,,,,,,,Review,
Sample Registration,sample_type,Whole cell - RNA,,,SNOMED,,,,,,No Match,,,,,,,Review,
Sample Registration,sample_type,Whole cell (B-cell depleted),,,SNOMED,,,,,,No Match,,,,,,,Review,
Donor,gender,Man,,,,Identifies as male gender,763768,446151000124109,Concept,Active,Inexact,Clinical Finding,Observation,SNOMED,Manual,Justin Liu,,Review,
Donor,gender,Woman,,,,Identifies as female gender,765761,446141000124107,Concept,Active,Exact,Clinical Finding,Observation,SNOMED,Manual,Justin Liu,,Review,
Donor,gender,Non-binary,,,,Nonbinary gender identity,37171288,33791000087105,Synonym,Active,Inexact,Clinical Finding,Observation,SNOMED,Manual,Justin Liu,,Review,
Donor,gender,Other,,,,Other,9177,74964007,Concept,Active,Exact,Qualifier Value,Meas Value,SNOMED,Manual,Justin Liu,,Review,
Donor,gender,Prefer not to disclose,,,,Prefer not to say,36311156,LA28803-7,Concept,Active,Inexact,Answer,Meas Value,LOINC,Manual,Justin Liu,,Review,
Donor,gender,Not available,,,,Not available,45884396,LA7338-2,Concept,Active,Exact,Answer,Meas Value,LOINC,Manual,Justin Liu,,Review,
Donor,sex_at_birth,Male,,,Gender,MALE,8507,M,Concept,Active,Exact,Gender,Gender,Gender,Manual,Justin Liu,,Review,
Donor,sex_at_birth,Female,,,Gender,FEMALE,8532,F,Concept,Active,Exact,Gender,Gender,Gender,Manual,Justin Liu,,Review,
Donor,sex_at_birth,Other,,,Gender,OTHER,8521,O,Concept,Inactive,Exact,Gender,Gender,Gender,Manual,Justin Liu,,Review,
Donor,sex_at_birth,Not available,,,Gender,UNKNOWN,8551,U,Concept,Inactive,Inexact,Gender,Gender,Gender,Manual,Justin Liu,,Review,
Donor,is_deceased,Yes,,,,Yes,4188539,373066001,Concept,Active,Exact,Qualifier Value,Meas Value,SNOMED,,Justin Liu,,Review,
Donor,is_deceased,No,,,,No,4188540,373067005,Concept,Active,Exact,Qualifier Value,Meas Value,SNOMED,,Justin Liu,,Review,
Donor,date_resolution,month,,,,month,4122392,258706009,Concept,Active,Exact,Qualifier Value,Unit,SNOMED,,Justin Liu,,Review,
Donor,date_resolution,day,,,,day,4121369,258703001,Concept,Active,Exact,Qualifier Value,Unit,SNOMED,,Justin Liu,,Review,
Donor,cause_of_death,Died of cancer,,,SNOMED,Cancer,443392,363346000,Synonym,Active,Inexact,Disorder,Condition,SNOMED,Manual,Justin Liu 3,,Review,
Donor,cause_of_death,Died of other reasons,,,SNOMED,Other,9177,74964007,Concept,Active,Inexact,Qualifier Value,Meas Value,SNOMED,Manual,Justin Liu 3,,Review,
Donor,cause_of_death,Not available,,,,Not available,45884396,LA7338-2,Concept,Active,Exact,Answer,Meas Value,LOINC,Manual,Justin Liu,,Review,
Donor,lost_to_followup_reason,Completed study,,,,Participation in research study completed,44810922,871441000000107,Concept,Active,Inexact,Clinical Finding,Observation,SNOMED,Manual,Justin Liu,,Review,
Donor,lost_to_followup_reason,Discharged to palliative care,,,SNOMED,Discharged from follow-up,4077386,275647001,Concept,Active,Inexact,Clinical Finding,Observation,SNOMED,Closest Parent,Justin Liu 4,,Review,
Donor,lost_to_followup_reason,Discharged from follow-up,,,,Discharged from follow-up,4077386,275647001,Concept,Active,Exact,Clinical Finding,Observation,SNOMED,,Justin Liu,,Review,
Donor,lost_to_followup_reason,Lost contact,,,SNOMED,Incomplete lost contact,44791326,276841000000108,Synonym,Active,Inexact,Context-dependent,Observation,SNOMED,,,,Review,
Donor,lost_to_followup_reason,Not available,,,,Not available,45884396,LA7338-2,Concept,Active,Exact,Answer,Meas Value,LOINC,,Justin Liu,,Review,
Donor,lost_to_followup_reason,Withdrew from study,,,SNOMED,Withdrawn from research study,44810920,871401000000109,Concept,Active,Inexact,Clinical Finding,Observation,SNOMED,Manual,Justin Liu 3,,Review,
Specimen,reference_pathology_confirmed_diagnosis,Yes,,,,Yes,4188539,373066001,Concept,Active,Exact,Qualifier Value,Meas Value,SNOMED,,Justin Liu,,Review,
Specimen,reference_pathology_confirmed_diagnosis,No,,,,No,4188540,373067005,Concept,Active,Exact,Qualifier Value,Meas Value,SNOMED,,Justin Liu,,Review,
Specimen,reference_pathology_confirmed_diagnosis,Not done,,,,Not done,4301433,385660001,Concept,Active,Exact,Qualifier Value,Observation,SNOMED,,Justin Liu,,Review,
Specimen,reference_pathology_confirmed_diagnosis,Not available,,,,Not available,45884396,LA7338-2,Concept,Active,Exact,Answer,Meas Value,LOINC,,Justin Liu,,Review,
Specimen,reference_pathology_confirmed_tumour_presence,Yes,,,,Yes,4188539,373066001,Concept,Active,Exact,Qualifier Value,Meas Value,SNOMED,,Justin Liu,,Review,
Specimen,reference_pathology_confirmed_tumour_presence,No,,,,No,4188540,373067005,Concept,Active,Exact,Qualifier Value,Meas Value,SNOMED,,Justin Liu,,Review,
Specimen,reference_pathology_confirmed_tumour_presence,Not done,,,,Not done,4301433,385660001,Concept,Active,Exact,Qualifier Value,Observation,SNOMED,,Justin Liu,,Review,
Specimen,reference_pathology_confirmed_tumour_presence,Not available,,,,Not available,45884396,LA7338-2,Concept,Active,Exact,Answer,Meas Value,LOINC,,Justin Liu,,Review,
Specimen,tumour_grading_system,FNCLCC grading system,,,,French Federation of Cancer Centers Sarcoma Group (FNCLCC) grading system,4139510,426757001,Concept,Active,Inexact,Staging / Scales,Measurement,SNOMED,,Justin Liu,,Review,
Specimen,tumour_grading_system,Four-tier grading system,,,SNOMED,,,,,,No Match,,,,,,,Review,
Specimen,tumour_grading_system,Gleason grade group system,,,,Gleason grading for prostatic cancer,4025371,106241006,Synonym,Active,Inexact,Staging / Scales,Measurement,SNOMED,Manual,Justin Liu,,Review,
Specimen,tumour_grading_system,Grading system for GISTs,,,SNOMED,,,,,,No Match,,,,,,,Review,
Specimen,tumour_grading_system,Grading system for GNETs,,,SNOMED,,,,,,No Match,,,,,,,Review,
Specimen,tumour_grading_system,IASLC grading system,,,SNOMED,,,,,,No Match,,,,,,,Review,
Specimen,tumour_grading_system,ISUP grading system,,,,WHO/ISUP (World Health Organization/International Society of Urological Pathology) grading system for renal cell carcinoma,37154145,1260098002,Synonym,Active,Inexact,Staging / Scales,Measurement,SNOMED,,Justin Liu,,Review,
Specimen,tumour_grading_system,Nottingham grading system,,,,Nottingham histologic grading system,40486154,449205006,Concept,Active,Inexact,Staging / Scales,Measurement,SNOMED,,Justin Liu,,Review,
Specimen,tumour_grading_system,Nuclear grading system for DCIS,,,,Nuclear pleomorphism finding,4161055,373371003,Concept,Active,Inexact,Clinical Finding,Condition,SNOMED,Manual,Justin Liu,,Review,
Specimen,tumour_grading_system,Scarff-Bloom-Richardson grading system,,,SNOMED,,,,,,No Match,,,,,,,Review,
Specimen,tumour_grading_system,Three-tier grading system,,,SNOMED,,,,,,No Match,,,,,,,Review,
Specimen,tumour_grading_system,Two-tier grading system,,,SNOMED,,,,,,No Match,,,,,,,Review,
Specimen,tumour_grading_system,WHO grading system for CNS tumours,,,,WHO CNS tumor grading system,4079552,277460003,Concept,Active,Inexact,Staging / Scales,Measurement,SNOMED,Manual,Justin Liu,,Review,
Specimen,tumour_grading_system,Not available,,,,Not available,45884396,LA7338-2,Concept,Active,Exact,Answer,Meas Value,LOINC,,Justin Liu,,Review,
Specimen,tumour_grade,Low grade,,,,Low grade,1620622,LA32394-1,Concept,Active,Exact,Answer,Meas Value,LOINC,,Justin Liu,,Review,
Specimen,tumour_grade,High grade,,,,High grade,1620793,LA32395-8,Concept,Active,Exact,Answer,Meas Value,LOINC,,Justin Liu,,Review,
Specimen,tumour_grade,GX,,,,GX,37164072,1228845001,Concept,Active,Exact,Qualifier Value,Meas Value,SNOMED,,Justin Liu,,Review,
Specimen,tumour_grade,G1,,,,G1,37164074,1228848004,Concept,Active,Exact,Qualifier Value,Meas Value,SNOMED,,Justin Liu,,Review,
Specimen,tumour_grade,G2,,,,G2,37164076,1228850007,Concept,Active,Exact,Qualifier Value,Meas Value,SNOMED,,Justin Liu,,Review,
Specimen,tumour_grade,G3,,,,G3,37164077,1228851006,Concept,Active,Exact,Qualifier Value,Meas Value,SNOMED,,Justin Liu,,Review,
Specimen,tumour_grade,G4,,,,G4,37164078,1228852004,Concept,Active,Exact,Qualifier Value,Meas Value,SNOMED,,Justin Liu,,Review,
Specimen,tumour_grade,Low,,,,Low grade histologic differentiation,4161012,399415002,Concept,Active,Inexact,Clinical Finding,Condition,SNOMED,,Justin Liu,,Review,
Specimen,tumour_grade,High,,,,High grade histologic differentiation,4161667,399611001,Concept,Active,Exact,Clinical Finding,Condition,SNOMED,,Justin Liu,,Review,
Specimen,tumour_grade,Grade 1,,,,Grade 1,40459832,258351006,Concept,Active,Exact,Qualifier Value,Observation,SNOMED,,Justin Liu,,Review,
Specimen,tumour_grade,Grade 2,,,,Grade 2,40459833,258352004,Concept,Active,Exact,Qualifier Value,Observation,SNOMED,,Justin Liu,,Review,
Specimen,tumour_grade,Grade 3,,,,Grade 3,40459834,258353009,Concept,Active,Exact,Qualifier Value,Observation,SNOMED,,Justin Liu,,Review,
Specimen,tumour_grade,Grade 4,,,,Grade 4,40459835,258354003,Concept,Active,Exact,Qualifier Value,Observation,SNOMED,,Justin Liu,,Review,
Specimen,tumour_grade,Grade I,,,,Grade I,40459832,258351006,Synonym,Active,Exact,Qualifier Value,Observation,SNOMED,,Justin Liu,,Review,
Specimen,tumour_grade,Grade II,,,,Grade II,40459833,258352004,Synonym,Active,Exact,Qualifier Value,Observation,SNOMED,,Justin Liu,,Review,
Specimen,tumour_grade,Grade III,,,,Grade III,40459834,258353009,Synonym,Active,Exact,Qualifier Value,Observation,SNOMED,,Justin Liu,,Review,
Specimen,tumour_grade,Grade IV,,,,Grade IV,40459835,258354003,Synonym,Active,Exact,Qualifier Value,Observation,SNOMED,,Justin Liu,,Review,
Specimen,tumour_grade,Grade Group 1,,,,Gleason Grade Group 1,1633550,Gleason-Grade_Group-1,Concept,Active,Inexact,Staging/Grading,Measurement,Cancer Modifier,,Justin Liu,,Review,
Specimen,tumour_grade,Grade Group 2,,,,Gleason Grade Group 2,1633826,Gleason-Grade_Group-2,Concept,Active,Inexact,Staging/Grading,Measurement,Cancer Modifier,,Justin Liu,,Review,
Specimen,tumour_grade,Grade Group 3,,,,Gleason Grade Group 3,1634459,Gleason-Grade_Group-3,Concept,Active,Inexact,Staging/Grading,Measurement,Cancer Modifier,,Justin Liu,,Review,
Specimen,tumour_grade,Grade Group 4,,,,Gleason Grade Group 4,1635079,Gleason-Grade_Group-4,Concept,Active,Inexact,Staging/Grading,Measurement,Cancer Modifier,,Justin Liu,,Review,
Specimen,tumour_grade,Grade Group 5,,,,Gleason Grade Group 5,1635009,Gleason-Grade_Group-5,Concept,Active,Inexact,Staging/Grading,Measurement,Cancer Modifier,,Justin Liu,,Review,
Specimen,tumour_grade,Not available,,,,Not available,45884396,LA7338-2,Concept,Active,Exact,Answer,Meas Value,LOINC,,Justin Liu,,Review,
Specimen,percent_tumour_cells_range,0-19%,,,,,,,,,No Match,,,,,,,Review,
Specimen,percent_tumour_cells_range,20-50%,,,,,,,,,No Match,,,,,,,Review,
Specimen,percent_tumour_cells_range,51-100%,,,,,,,,,No Match,,,,,,,Review,
Specimen,percent_tumour_cells_range,Not available,,,,Not available,45884396,LA7338-2,Concept,Active,Exact,Answer,Meas Value,LOINC,,Justin Liu,,Review,
Specimen,percent_tumour_cells_measurement_method,Genomics,,,,Genomics,44792087,321401000000106,Concept,Active,Exact,Qualifier Value,Observation,SNOMED,,Justin Liu,,Review,
Specimen,percent_tumour_cells_measurement_method,Image analysis,,,,Image analysis,4076808,24587005,Concept,Active,Exact,Procedure,Procedure,SNOMED,,Justin Liu,,Review,
Specimen,percent_tumour_cells_measurement_method,Pathology estimate by percent nuclei,,,,,,,,,No Match,,,,,,,Review,
Specimen,percent_tumour_cells_measurement_method,Other,,,,Other,9177,74964007,Concept,Active,Exact,Qualifier Value,Meas Value,SNOMED,,Justin Liu,,Review,
Specimen,percent_tumour_cells_measurement_method,Not available,,,,Not available,45884396,LA7338-2,Concept,Active,Exact,Answer,Meas Value,LOINC,,Justin Liu,,Review,
Specimen,specimen_storage,Cut slide,,,,,,,,,No Match,,,,,,,Review,
Specimen,specimen_storage,Frozen in -70 freezer,,,,,,,,,No Match,,,,,,,Review,
Specimen,specimen_storage,Frozen in liquid nitrogen,,,,,,,,,No Match,,,,,,,Review,
Specimen,specimen_storage,Frozen in vapour phase,,,,,,,,,No Match,,,,,,,Review,
Specimen,specimen_storage,Not Applicable,,,,Not applicable,4294169,385432009,Concept,Active,Exact,Qualifier Value,Meas Value,SNOMED,,Justin Liu,,Review,
Specimen,specimen_storage,OCT embedded,,,,,,,,,No Match,,,,,,,Review,
Specimen,specimen_storage,Other,,,,Other,9177,74964007,Concept,Active,Exact,Qualifier Value,Meas Value,SNOMED,,Justin Liu,,Review,
Specimen,specimen_storage,Paraffin block,,,,,,,,,No Match,,,,,,,Review,
Specimen,specimen_storage,RNA later frozen,,,,,,,,,No Match,,,,,,,Review,
Specimen,specimen_storage,Not available,,,,Not available,45884396,LA7338-2,Concept,Active,Exact,Answer,Meas Value,LOINC,,Justin Liu,,Review,
Specimen,specimen_processing,Cryopreservation in liquid nitrogen (dead tissue),,,,Cryopreservation,4338536,88094004,Concept,Active,Inexact,Procedure,Procedure,SNOMED,Closest Parent,Justin Liu 4,,Review,
Specimen,specimen_processing,Cryopreservation in dry ice (dead tissue),,,,Cryopreservation,4338536,88094004,Concept,Active,Inexact,Procedure,Procedure,SNOMED,Closest Parent,Justin Liu 4,,Review,
Specimen,specimen_processing,Cryopreservation of live cells in liquid nitrogen,,,,Cryopreservation,4338536,88094004,Concept,Active,Inexact,Procedure,Procedure,SNOMED,Closest Parent,Justin Liu 4,,Review,
Specimen,specimen_processing,Cryopreservation - other,,,,Cryopreservation,4338536,88094004,Concept,Active,Inexact,Procedure,Procedure,SNOMED,Closest Parent,Justin Liu 4,,Review,
Specimen,specimen_processing,Formalin fixed & paraffin embedded,,,,Formalin-fixed paraffin-embedded tissue specimen,40480027,441652008,Concept,Active,Inexact,Specimen,Specimen,SNOMED,,Justin Liu 4,,Review,
Specimen,specimen_processing,Formalin fixed - buffered,,,,Formalin-fixed paraffin-embedded tissue specimen,40480027,441652008,Concept,Active,Inexact,Specimen,Specimen,SNOMED,Closest Parent,Justin Liu 4,,Review,https://pmc.ncbi.nlm.nih.gov/articles/PMC5726294/
Specimen,specimen_processing,Formalin fixed - unbuffered,,,,Formalin-fixed paraffin-embedded tissue specimen,40480027,441652008,Concept,Active,Inexact,Specimen,Specimen,SNOMED,Closest Parent,Justin Liu 4,,Review,https://pmc.ncbi.nlm.nih.gov/articles/PMC5726294/
Specimen,specimen_processing,Fresh,,,,Fresh,4126854,261013005,Concept,Active,Exact,Qualifier Value,Meas Value,SNOMED,,Justin Liu,,Review,
Specimen,specimen_processing,Other,,,,Other,9177,74964007,Concept,Active,Exact,Qualifier Value,Meas Value,SNOMED,,Justin Liu,,Review,
Specimen,specimen_processing,Not available,,,,Not available,45884396,LA7338-2,Concept,Active,Exact,Answer,Meas Value,LOINC,,Justin Liu,,Review,
Specimen,specimen_laterality,Left,,,,Left,4300877,7771000,Concept,Active,Exact,Qualifier Value,Meas Value,SNOMED,,Justin Liu,,Review,
Specimen,specimen_laterality,Not applicable,,,,Not applicable,4294169,385432009,Concept,Active,Exact,Qualifier Value,Meas Value,SNOMED,,Justin Liu,,Review,
Specimen,specimen_laterality,Not available,,,,Not available,45884396,LA7338-2,Concept,Active,Exact,Answer,Meas Value,LOINC,,Justin Liu,,Review,
Specimen,specimen_laterality,Right,,,,Right,4080761,24028007,Concept,Active,Exact,Qualifier Value,Meas Value,SNOMED,,Justin Liu,,Review,
Primary Diagnosis,primary_site,Accessory sinuses,,,ICDO3,Accessory sinuses,44498165,C31,Concept,Active,Exact,ICDO Topography,Spec Anatomic Site,ICDO3,,Justin Liu,,Review,
Primary Diagnosis,primary_site,Adrenal gland,,,ICDO3,Adrenal gland,44497966,C74,Concept,Active,Exact,ICDO Topography,Spec Anatomic Site,ICDO3,,Justin Liu,,Review,
Primary Diagnosis,primary_site,Anus and anal canal,,,ICDO3,Anus and anal canal,44498134,C21,Concept,Active,Exact,ICDO Topography,Spec Anatomic Site,ICDO3,,Justin Liu,,Review,
Primary Diagnosis,primary_site,Base of tongue,,,ICDO3,Base of tongue,44498023,C01,Concept,Active,Exact,ICDO Topography,Spec Anatomic Site,ICDO3,,Justin Liu 2,,Review,
Primary Diagnosis,primary_site,Bladder,,,ICDO3,Bladder,44497914,C67,Concept,Active,Exact,ICDO Topography,Spec Anatomic Site,ICDO3,,Justin Liu 2,,Review,
Primary Diagnosis,primary_site,"Bones, joints and articular cartilage of limbs",,,ICDO3,"Bones, joints and articular cartilage of limbs",44498201,C40,Concept,Active,Exact,ICDO Topography,Spec Anatomic Site,ICDO3,,Justin Liu,,Review,
Primary Diagnosis,primary_site,"Bones, joints and articular cartilage of other and unspecified sites",,,ICDO3,"Bones, joints and articular cartilage of other and unspecified sites",44498208,C41,Concept,Active,Exact,ICDO Topography,Spec Anatomic Site,ICDO3,,Justin Liu,,Review,
Primary Diagnosis,primary_site,Brain,,,ICDO3,Brain,44497944,C71,Concept,Active,Exact,ICDO Topography,Spec Anatomic Site,ICDO3,,Justin Liu 2,,Review,
Primary Diagnosis,primary_site,Breast,,,ICDO3,Breast,44497844,C50,Concept,Active,Exact,ICDO Topography,Spec Anatomic Site,ICDO3,,Justin Liu 2,,Review,
Primary Diagnosis,primary_site,Bronchus and lung,,,ICDO3,Bronchus and lung,44498181,C34,Concept,Active,Exact,ICDO Topography,Spec Anatomic Site,ICDO3,,Justin Liu,,Review,
Primary Diagnosis,primary_site,Cervix uteri,,,ICDO3,Cervix uteri,44497862,C53,Concept,Active,Exact,ICDO Topography,Spec Anatomic Site,ICDO3,,Justin Liu 3,,Review,
Primary Diagnosis,primary_site,Colon,,,ICDO3,Colon,44498119,C18,Concept,Active,Exact,ICDO Topography,Spec Anatomic Site,ICDO3,,Justin Liu 2,,Review,
Primary Diagnosis,primary_site,"Connective, subcutaneous and other soft tissues",,,ICDO3,"Connective, subcutaneous and other soft tissues",44498248,C49,Concept,Active,Exact,ICDO Topography,Spec Anatomic Site,ICDO3,,Justin Liu,,Review,
Primary Diagnosis,primary_site,Corpus uteri,,,ICDO3,Corpus uteri,44497867,C54,Concept,Active,Exact,ICDO Topography,Spec Anatomic Site,ICDO3,,Justin Liu 3,,Review,
Primary Diagnosis,primary_site,Esophagus,,,ICDO3,Esophagus,44498093,C15,Concept,Active,Exact,ICDO Topography,Spec Anatomic Site,ICDO3,,Justin Liu 2,,Review,
Primary Diagnosis,primary_site,Eye and adnexa,,,ICDO3,Eye and adnexa,44497930,C69,Concept,Active,Exact,ICDO Topography,Spec Anatomic Site,ICDO3,,Justin Liu,,Review,
Primary Diagnosis,primary_site,Floor of mouth,,,ICDO3,Floor of mouth,44498037,C04,Concept,Active,Exact,ICDO Topography,Spec Anatomic Site,ICDO3,,Justin Liu 2,,Review,
Primary Diagnosis,primary_site,Gallbladder,,,ICDO3,Gallbladder,44498142,C23,Concept,Active,Exact,ICDO Topography,Spec Anatomic Site,ICDO3,,Justin Liu 3,,Review,
Primary Diagnosis,primary_site,Gum,,,ICDO3,Gum,44498033,C03,Concept,Active,Exact,ICDO Topography,Spec Anatomic Site,ICDO3,,Justin Liu 2,,Review,
Primary Diagnosis,primary_site,"Heart, mediastinum, and pleura",,,ICDO3,"Heart, mediastinum, and pleura",44498190,C38,Concept,Active,Exact,ICDO Topography,Spec Anatomic Site,ICDO3,,Justin Liu,,Review,
Primary Diagnosis,primary_site,Hematopoietic and reticuloendothelial systems,,,ICDO3,Hematopoietic and reticuloendothelial systems,44498216,C42,Concept,Active,Exact,ICDO Topography,Spec Anatomic Site,ICDO3,,Justin Liu,,Review,
Primary Diagnosis,primary_site,Hypopharynx,,,ICDO3,Hypopharynx,44498083,C13,Concept,Active,Exact,ICDO Topography,Spec Anatomic Site,ICDO3,,Justin Liu 2,,Review,
Primary Diagnosis,primary_site,Kidney,,,ICDO3,Kidney,44497908,C64,Concept,Active,Exact,ICDO Topography,Spec Anatomic Site,ICDO3,,Justin Liu 2,,Review,
Primary Diagnosis,primary_site,Larynx,,,ICDO3,Larynx,44498172,C32,Concept,Active,Exact,ICDO Topography,Spec Anatomic Site,ICDO3,,Justin Liu 2,,Review,
Primary Diagnosis,primary_site,Lip,,,ICDO3,Lip,44498013,C00,Concept,Active,Exact,ICDO Topography,Spec Anatomic Site,ICDO3,,Justin Liu 2,,Review,
Primary Diagnosis,primary_site,Liver and intrahepatic bile ducts,,,ICDO3,Liver and intrahepatic bile ducts,44498139,C22,Concept,Active,Exact,ICDO Topography,Spec Anatomic Site,ICDO3,,Justin Liu,,Review,
Primary Diagnosis,primary_site,Lymph nodes,,,ICDO3,Lymph nodes,44497988,C77,Concept,Active,Exact,ICDO Topography,Spec Anatomic Site,ICDO3,,Justin Liu 2,,Review,
Primary Diagnosis,primary_site,Meninges,,,ICDO3,Meninges,44497940,C70,Concept,Active,Exact,ICDO Topography,Spec Anatomic Site,ICDO3,,Justin Liu 2,,Review,
Primary Diagnosis,primary_site,Nasal cavity and middle ear,,,ICDO3,Nasal cavity and middle ear,44498162,C30,Concept,Active,Exact,ICDO Topography,Spec Anatomic Site,ICDO3,,Justin Liu,,Review,
Primary Diagnosis,primary_site,Nasopharynx,,,ICDO3,Nasopharynx,44498074,C11,Concept,Active,Exact,ICDO Topography,Spec Anatomic Site,ICDO3,,Justin Liu 2,,Review,
Primary Diagnosis,primary_site,Oropharynx,,,ICDO3,Oropharynx,44498066,C10,Concept,Active,Exact,ICDO Topography,Spec Anatomic Site,ICDO3,,Justin Liu 2,,Review,
Primary Diagnosis,primary_site,Other and ill-defined digestive organs,,,ICDO3,Other and ill-defined digestive organs,44498158,C26,Concept,Active,Exact,ICDO Topography,Spec Anatomic Site,ICDO3,,Justin Liu,,Review,
Primary Diagnosis,primary_site,Other and ill-defined sites,,,ICDO3,Other and ill-defined sites,44497979,C76,Concept,Active,Exact,ICDO Topography,Spec Anatomic Site,ICDO3,,Justin Liu,,Review,
Primary Diagnosis,primary_site,"Other and ill-defined sites in lip, oral cavity and pharynx",,,ICDO3,"Other and ill-defined sites in lip, oral cavity and pharynx",44498089,C14,Concept,Active,Exact,ICDO Topography,Spec Anatomic Site,ICDO3,,Justin Liu,,Review,
Primary Diagnosis,primary_site,Other and ill-defined sites within respiratory system and intrathoracic organs,,,ICDO3,Other and ill-defined sites within respiratory system amd intrathoracic organs,44498197,C39,Concept,Active,Inexact,ICDO Topography,Spec Anatomic Site,ICDO3,Manual,Justin Liu 3,,Review,
Primary Diagnosis,primary_site,Other and unspecified female genital organs,,,ICDO3,Other an unspecified female genital organs,44497878,C57,Concept,Active,Inexact,ICDO Topography,Spec Anatomic Site,ICDO3,Manual,Justin Liu 3,,Review,
Primary Diagnosis,primary_site,Other and unspecified major salivary glands,,,ICDO3,Other and unspecified major salivary glands,44498056,C08,Concept,Active,Exact,ICDO Topography,Spec Anatomic Site,ICDO3,,Justin Liu,,Review,
Primary Diagnosis,primary_site,Other and unspecified male genital organs,,,ICDO3,Other and unspecified male genital organs,44497901,C63,Concept,Active,Exact,ICDO Topography,Spec Anatomic Site,ICDO3,,Justin Liu,,Review,
Primary Diagnosis,primary_site,Other and unspecified parts of biliary tract,,,ICDO3,Other and unspecified parts of biliary tract,44498144,C24,Concept,Active,Exact,ICDO Topography,Spec Anatomic Site,ICDO3,,Justin Liu,,Review,
Primary Diagnosis,primary_site,Other and unspecified parts of mouth,,,ICDO3,Other and unspecified parts of mouth,44498048,C06,Concept,Active,Exact,ICDO Topography,Spec Anatomic Site,ICDO3,,Justin Liu,,Review,
Primary Diagnosis,primary_site,Other and unspecified parts of tongue,,,ICDO3,Other and unspecified parts of tongue,44498025,C02,Concept,Active,Exact,ICDO Topography,Spec Anatomic Site,ICDO3,,Justin Liu,,Review,
Primary Diagnosis,primary_site,Other and unspecified urinary organs,,,ICDO3,Other and unspecified urinary organs,44497925,C68,Concept,Active,Exact,ICDO Topography,Spec Anatomic Site,ICDO3,,Justin Liu,,Review,
Primary Diagnosis,primary_site,Other endocrine glands and related structures,,,ICDO3,Other endocrine glands and related structures,44497970,C75,Concept,Active,Exact,ICDO Topography,Spec Anatomic Site,ICDO3,,Justin Liu,,Review,
Primary Diagnosis,primary_site,Ovary,,,ICDO3,Ovary,44497876,C56,Concept,Active,Exact,ICDO Topography,Spec Anatomic Site,ICDO3,,Justin Liu 3,,Review,
Primary Diagnosis,primary_site,Palate,,,ICDO3,Palate,44498042,C05,Concept,Active,Exact,ICDO Topography,Spec Anatomic Site,ICDO3,,Justin Liu 2,,Review,
Primary Diagnosis,primary_site,Pancreas,,,ICDO3,Pancreas,44498149,C25,Concept,Active,Exact,ICDO Topography,Spec Anatomic Site,ICDO3,,Justin Liu 2,,Review,
Primary Diagnosis,primary_site,Parotid gland,,,ICDO3,Parotid gland,44498055,C07.9,Concept,Active,Exact,ICDO Topography,Spec Anatomic Site,ICDO3,,Justin Liu 2,,Review,
Primary Diagnosis,primary_site,Penis,,,ICDO3,Penis,44497889,C60,Concept,Active,Exact,ICDO Topography,Spec Anatomic Site,ICDO3,,Justin Liu 2,,Review,
Primary Diagnosis,primary_site,Peripheral nerves and autonomic nervous system,,,ICDO3,Peripheral nerves and autonomic nervous system,44498233,C47,Concept,Active,Exact,ICDO Topography,Spec Anatomic Site,ICDO3,,Justin Liu,,Review,
Primary Diagnosis,primary_site,Placenta,,,ICDO3,Placenta,44497887,C58,Concept,Active,Exact,ICDO Topography,Spec Anatomic Site,ICDO3,,Justin Liu 3,,Review,
Primary Diagnosis,primary_site,Prostate gland,,,ICDO3,Prostate gland,44497895,C61,Concept,Active,Exact,ICDO Topography,Spec Anatomic Site,ICDO3,,Justin Liu 3,,Review,
Primary Diagnosis,primary_site,Pyriform sinus,,,ICDO3,Pyriform sinus,44498081,C12,Concept,Active,Exact,ICDO Topography,Spec Anatomic Site,ICDO3,,Justin Liu 3,,Review,
Primary Diagnosis,primary_site,Rectosigmoid junction,,,ICDO3,Rectosigmoid junction,44498130,C19,Concept,Active,Exact,ICDO Topography,Spec Anatomic Site,ICDO3,,Justin Liu 3,,Review,
Primary Diagnosis,primary_site,Rectum,,,ICDO3,Rectum,44498132,C20,Concept,Active,Exact,ICDO Topography,Spec Anatomic Site,ICDO3,,Justin Liu 2,,Review,
Primary Diagnosis,primary_site,Renal pelvis,,,ICDO3,Renal pelvis,44497910,C65,Concept,Active,Exact,ICDO Topography,Spec Anatomic Site,ICDO3,,Justin Liu 3,,Review,
Primary Diagnosis,primary_site,Retroperitoneum and peritoneum,,,ICDO3,Retroperitoneum and peritoneum,44498243,C48,Concept,Active,Exact,ICDO Topography,Spec Anatomic Site,ICDO3,,Justin Liu,,Review,
Primary Diagnosis,primary_site,Skin,,,ICDO3,Skin,44498222,C44,Concept,Active,Exact,ICDO Topography,Spec Anatomic Site,ICDO3,,Justin Liu 2,,Review,
Primary Diagnosis,primary_site,Small intestine,,,ICDO3,Small intestine,44498112,C17,Concept,Active,Exact,ICDO Topography,Spec Anatomic Site,ICDO3,,Justin Liu 2,,Review,
Primary Diagnosis,primary_site,"Spinal cord, cranial nerves, and other parts of central nervous system",,,ICDO3,"Spinal cord, cranial nerves, and other parts of central nervous system",44497955,C72,Concept,Active,Exact,ICDO Topography,Spec Anatomic Site,ICDO3,,Justin Liu,,Review,
Primary Diagnosis,primary_site,Stomach,,,ICDO3,Stomach,44498102,C16,Concept,Active,Exact,ICDO Topography,Spec Anatomic Site,ICDO3,,Justin Liu 2,,Review,
Primary Diagnosis,primary_site,Testis,,,ICDO3,Testis,44497897,C62,Concept,Active,Exact,ICDO Topography,Spec Anatomic Site,ICDO3,,Justin Liu 2,,Review,
Primary Diagnosis,primary_site,Thymus,,,ICDO3,Thymus,44498188,C37,Concept,Active,Exact,ICDO Topography,Spec Anatomic Site,ICDO3,,Justin Liu 3,,Review,
Primary Diagnosis,primary_site,Thyroid gland,,,ICDO3,Thyroid gland,44497964,C73,Concept,Active,Exact,ICDO Topography,Spec Anatomic Site,ICDO3,,Justin Liu 3,,Review,
Primary Diagnosis,primary_site,Tonsil,,,ICDO3,Tonsil,44498061,C09,Concept,Active,Exact,ICDO Topography,Spec Anatomic Site,ICDO3,,Justin Liu 2,,Review,
Primary Diagnosis,primary_site,Trachea,,,ICDO3,Trachea,44498179,C33,Concept,Active,Exact,ICDO Topography,Spec Anatomic Site,ICDO3,,Justin Liu 3,,Review,
Primary Diagnosis,primary_site,Ureter,,,ICDO3,Ureter,44497912,C66,Concept,Active,Exact,ICDO Topography,Spec Anatomic Site,ICDO3,,Justin Liu 3,,Review,
Primary Diagnosis,primary_site,"Uterus, NOS",,,ICDO3,"Uterus, NOS",44497874,C55,Concept,Active,Exact,ICDO Topography,Spec Anatomic Site,ICDO3,,Justin Liu 3,,Review,
Primary Diagnosis,primary_site,Vagina,,,ICDO3,Vagina,44497860,C52,Concept,Active,Exact,ICDO Topography,Spec Anatomic Site,ICDO3,,Justin Liu 2,,Review,
Primary Diagnosis,primary_site,Vulva,,,ICDO3,Vulva,44497854,C51,Concept,Active,Exact,ICDO Topography,Spec Anatomic Site,ICDO3,,Justin Liu 2,,Review,
Primary Diagnosis,primary_site,Unknown primary site,,,ICDO3,Unknown primary site,44497997,C80,Concept,Active,Exact,ICDO Topography,Spec Anatomic Site,ICDO3,,Justin Liu 3,,Review,
Primary Diagnosis,basis_of_diagnosis,Histology of a primary tumour,,,SNOMED,Cancer diagnosis based on primary site histological evidence,4190367,373800009,Concept,Active,Inexact,Clinical Finding,Condition,SNOMED,Manual,Justin Liu 3,,Review,
Primary Diagnosis,basis_of_diagnosis,Histology of a metastasis,,,SNOMED,Cancer diagnosis based on metastatic histological evidence,4190930,373799005,Concept,Active,Inexact,Clinical Finding,Condition,SNOMED,Manual,Justin Liu 3,,Review,
Primary Diagnosis,basis_of_diagnosis,Cytology,,,,Cancer diagnosis based on cytological evidence (finding),439401,373798002,Synonym,Active,Exact,Clinical Finding,Condition,SNOMED,Manual,Justin Liu,,Review,
Primary Diagnosis,basis_of_diagnosis,Specific tumour markers,,,,Cancer diagnosis based on specific tumour markers,4190929,373797007,Synonym,Active,Inexact,Clinical Finding,Condition,SNOMED,Manual,Justin Liu,,Review,
Primary Diagnosis,basis_of_diagnosis,Clinical investigation,,,,"Cancer diagnosis based on investigations, without a tissue diagnosis (finding)",4161576,373796003,Synonym,Active,Exact,Clinical Finding,Condition,SNOMED,Manual,Justin Liu,,Review,
Primary Diagnosis,basis_of_diagnosis,Clinical,,,,Cancer diagnosis based on clinical evidence (finding),4162587,373795004,Synonym,Active,Exact,Clinical Finding,Condition,SNOMED,Manual,Justin Liu,,Review,
Primary Diagnosis,basis_of_diagnosis,Death certificate only,,,,Cancer diagnosis based on death certificate (finding),4161575,373794000,Synonym,Active,Exact,Clinical Finding,Condition,SNOMED,,Justin Liu,,Review,
Primary Diagnosis,basis_of_diagnosis,Not available,,,,Not available,45884396,LA7338-2,Concept,Active,Exact,Answer,Meas Value,LOINC,,Justin Liu,,Review,
Primary Diagnosis,laterality,Bilateral,,,,Bilateral,36770109,OMOP4999787,Concept,Active,Exact,Topography,Measurement,Cancer Modifier,,Justin Liu,,Review,
Primary Diagnosis,laterality,Left,,,,Left,36770232,OMOP4999911,Concept,Active,Exact,Topography,Measurement,Cancer Modifier,,Justin Liu,,Review,
Primary Diagnosis,laterality,Midline,,,,Midline,36769853,OMOP4999531,Concept,Active,Exact,Topography,Measurement,Cancer Modifier,,Justin Liu,,Review,
Primary Diagnosis,laterality,Not a paired site,,,,Not applicable,4294169,385432009,Concept,Active,Inexact,Qualifier Value,Meas Value,SNOMED,Manual,Justin Liu,,Review,
Primary Diagnosis,laterality,Right,,,,Right,36770058,OMOP4999736,Concept,Active,Exact,Topography,Measurement,Cancer Modifier,,Justin Liu,,Review,
Primary Diagnosis,laterality,"Unilateral, side not specified",,,,Unilateral,4280221,66459002,Concept,Active,Inexact,Qualifier Value,Observation,SNOMED,Manual,Justin Liu,,Review,
Primary Diagnosis,laterality,Not available,,,,Not available,45884396,LA7338-2,Concept,Active,Exact,Answer,Meas Value,LOINC,,Justin Liu,,Review,
Primary Diagnosis,clinical_tumour_staging_system,AJCC cancer staging system,,,,AJCC (American Joint Committee on Cancer) allowable value,37163866,1222584008,Synonym,Active,Inexact,Qualifier Value,Meas Value,SNOMED,,Justin Liu,,Review,
Primary Diagnosis,clinical_tumour_staging_system,Ann Arbor staging system,,,,Ann Arbor lymphoma staging system,4115000,254372002,Concept,Active,Inexact,Staging / Scales,Measurement,SNOMED,Manual,Justin Liu,,Review,
Primary Diagnosis,clinical_tumour_staging_system,Binet staging system,,,,Binet staging classification for chronic lymphocytic leukemia,607090,1149099005,Concept,Active,Inexact,Staging / Scales,Measurement,SNOMED,Manual,Justin Liu,,Review,
Primary Diagnosis,clinical_tumour_staging_system,Durie-Salmon staging system,,,,Durie-Salmon staging system,1074424,1343303003,Concept,Active,Exact,Staging / Scales,Measurement,SNOMED,,Justin Liu,,Review,
Primary Diagnosis,clinical_tumour_staging_system,FIGO staging system,,,,FIGO staging system of gynaecological malignancy,4110414,254383006,Synonym,Active,Inexact,Staging / Scales,Measurement,SNOMED,,Justin Liu,,Review,
Primary Diagnosis,clinical_tumour_staging_system,International Neuroblastoma Risk Group Staging System,,,,International Neuroblastoma Risk Group staging system,1242682,1287643004,Synonym,Active,Exact,Staging / Scales,Measurement,SNOMED,,Justin Liu,,Review,
Primary Diagnosis,clinical_tumour_staging_system,International Neuroblastoma Staging System,,,,International neuroblastoma staging system,4110410,254363005,Concept,Active,Exact,Staging / Scales,Measurement,SNOMED,,Justin Liu,,Review,
Primary Diagnosis,clinical_tumour_staging_system,Lugano staging system,,,,Lugano classification adult Hodgkin lymphoma,1243639,1297085001,Concept,Active,Inexact,Staging / Scales,Measurement,SNOMED,Manual,Justin Liu,,Review,
Primary Diagnosis,clinical_tumour_staging_system,Rai staging system,,,,Rai staging system for chronic lymphocytic leukemia,607102,1149131009,Concept,Active,Inexact,Staging / Scales,Measurement,SNOMED,,Justin Liu,,Review,
Primary Diagnosis,clinical_tumour_staging_system,Revised International staging system (R-ISS),,,,Revised International Staging System for multiple myeloma,607126,1149163003,Concept,Active,Inexact,Staging / Scales,Measurement,SNOMED,,Justin Liu,,Review,
Primary Diagnosis,clinical_tumour_staging_system,SEER staging system,,,,"Surveillance Epidemiology and End Results Program, Extent of Disease - 2018 edition",1244100,761681000124102,Concept,Active,Inexact,Staging / Scales,Measurement,SNOMED,Manual,Justin Liu,,Review,
Primary Diagnosis,clinical_tumour_staging_system,St Jude staging system,,,,St Jude non-Hodgkin lymphoma staging system,4112450,254371009,Synonym,Active,Inexact,Staging / Scales,Measurement,SNOMED,,Justin Liu,,Review,
Primary Diagnosis,clinical_tumour_staging_system,Not available,,,,Not available,45884396,LA7338-2,Concept,Active,Exact,Answer,Meas Value,LOINC,,Justin Liu,,Review,
Primary Diagnosis,clinical_t_category,T0,,,,T0,45878380,LA3638-9,Concept,Active,Exact,Answer,Meas Value,LOINC,,Justin Liu,,Review,
Primary Diagnosis,clinical_t_category,T1,,,,T1,45878379,LA3637-1,Concept,Active,Exact,Answer,Meas Value,LOINC,,Justin Liu,,Review,
Primary Diagnosis,clinical_t_category,T1a,,,,T1a,45876312,LA3636-3,Concept,Active,Exact,Answer,Meas Value,LOINC,,Justin Liu,,Review,
Primary Diagnosis,clinical_t_category,T1a1,,,,T1a1,45880972,LA3635-5,Concept,Active,Exact,Answer,Meas Value,LOINC,,Justin Liu,,Review,
Primary Diagnosis,clinical_t_category,T1a2,,,,T1a2,45880105,LA3634-8,Concept,Active,Exact,Answer,Meas Value,LOINC,,Justin Liu,,Review,
Primary Diagnosis,clinical_t_category,T1a(s),,,LOINC,T1a,45876312,LA3636-3,Concept,Active,Inexact,Answer,Meas Value,LOINC,Closest Parent,Justin Liu 4,,Review,Mapped to closest semantic parent after correspondence with Linda Xiang
Primary Diagnosis,clinical_t_category,T1a(m),,,LOINC,T1a,45876312,LA3636-3,Concept,Active,Inexact,Answer,Meas Value,LOINC,Closest Parent,Justin Liu 4,,Review,Mapped to closest semantic parent after correspondence with Linda Xiang
Primary Diagnosis,clinical_t_category,T1b,,,,T1b,45880104,LA3633-0,Concept,Active,Exact,Answer,Meas Value,LOINC,,Justin Liu,,Review,
Primary Diagnosis,clinical_t_category,T1b1,,,,T1b1,45884280,LA3632-2,Concept,Active,Exact,Answer,Meas Value,LOINC,,Justin Liu,,Review,
Primary Diagnosis,clinical_t_category,T1b2,,,,T1b2,45882490,LA3631-4,Concept,Active,Exact,Answer,Meas Value,LOINC,,Justin Liu,,Review,
Primary Diagnosis,clinical_t_category,T1b(s),,,LOINC,T1b,45880104,LA3633-0,Concept,Active,Inexact,Answer,Meas Value,LOINC,Closest Parent,Justin Liu 4,,Review,Mapped to closest semantic parent after correspondence with Linda Xiang
Primary Diagnosis,clinical_t_category,T1b(m),,,LOINC,T1b,45880104,LA3633-0,Concept,Active,Inexact,Answer,Meas Value,LOINC,Closest Parent,Justin Liu 4,,Review,Mapped to closest semantic parent after correspondence with Linda Xiang
Primary Diagnosis,clinical_t_category,T1c,,,,T1c,45881600,LA3630-6,Concept,Active,Exact,Answer,Meas Value,LOINC,,Justin Liu,,Review,
Primary Diagnosis,clinical_t_category,T1c1,,,,AJCC/UICC T1c1 Category,1635069,AJCC/UICC-T1c1,Concept,Active,Inexact,Staging/Grading,Measurement,Cancer Modifier,,Justin Liu,,Review,
Primary Diagnosis,clinical_t_category,T1c2,,,,AJCC/UICC T1c2 Category,1635668,AJCC/UICC-T1c2,Concept,Active,Inexact,Staging/Grading,Measurement,Cancer Modifier,,Justin Liu,,Review,
Primary Diagnosis,clinical_t_category,T1d,,,,T1d,46237470,LA21805-9,Concept,Active,Exact,Answer,Meas Value,LOINC,,Justin Liu,,Review,
Primary Diagnosis,clinical_t_category,T1mi,,,,T1mi,46237476,LA21854-7,Concept,Active,Exact,Answer,Meas Value,LOINC,,Justin Liu,,Review,
Primary Diagnosis,clinical_t_category,T2,,,,T2,45884279,LA3628-0,Concept,Active,Exact,Answer,Meas Value,LOINC,,Justin Liu,,Review,
Primary Diagnosis,clinical_t_category,T2(s),,,LOINC,T2,45884279,LA3628-0,Concept,Active,Inexact,Answer,Meas Value,LOINC,Closest Parent,Justin Liu 4,,Review,Mapped to closest semantic parent after correspondence with Linda Xiang
Primary Diagnosis,clinical_t_category,T2(m),,,LOINC,T2,45884279,LA3628-0,Concept,Active,Inexact,Answer,Meas Value,LOINC,Closest Parent,Justin Liu 4,,Review,Mapped to closest semantic parent after correspondence with Linda Xiang
Primary Diagnosis,clinical_t_category,T2a,,,,T2a,45878642,LA3627-2,Concept,Active,Exact,Answer,Meas Value,LOINC,,Justin Liu,,Review,
Primary Diagnosis,clinical_t_category,T2a1,,,,T2a1,46238001,LA21806-7,Concept,Active,Exact,Answer,Meas Value,LOINC,,Justin Liu,,Review,
Primary Diagnosis,clinical_t_category,T2a2,,,,T2a2,46238002,LA21807-5,Concept,Active,Exact,Answer,Meas Value,LOINC,,Justin Liu,,Review,
Primary Diagnosis,clinical_t_category,T2b,,,,T2b,45884281,LA3626-4,Concept,Active,Exact,Answer,Meas Value,LOINC,,Justin Liu,,Review,
Primary Diagnosis,clinical_t_category,T2c,,,,T2c,45881603,LA3625-6,Concept,Active,Exact,Answer,Meas Value,LOINC,,Justin Liu,,Review,
Primary Diagnosis,clinical_t_category,T2d,,,,T2d,46237485,LA21808-3,Concept,Active,Exact,Answer,Meas Value,LOINC,,Justin Liu,,Review,
Primary Diagnosis,clinical_t_category,T3,,,,T3,45876313,LA3624-9,Concept,Active,Exact,Answer,Meas Value,LOINC,,Justin Liu,,Review,
Primary Diagnosis,clinical_t_category,T3(s),,,LOINC,T3,45876313,LA3624-9,Concept,Active,Exact,Answer,Meas Value,LOINC,Closest Parent,Justin Liu 4,,Review,Mapped to closest semantic parent after correspondence with Linda Xiang
Primary Diagnosis,clinical_t_category,T3(m),,,LOINC,T3,45876313,LA3624-9,Concept,Active,Exact,Answer,Meas Value,LOINC,Closest Parent,Justin Liu 4,,Review,Mapped to closest semantic parent after correspondence with Linda Xiang
Primary Diagnosis,clinical_t_category,T3a,,,,T3a,45882492,LA3623-1,Concept,Active,Exact,Answer,Meas Value,LOINC,,Justin Liu,,Review,
Primary Diagnosis,clinical_t_category,T3b,,,,T3b,45884282,LA3622-3,Concept,Active,Exact,Answer,Meas Value,LOINC,,Justin Liu,,Review,
Primary Diagnosis,clinical_t_category,T3c,,,,T3c,45880977,LA3621-5,Concept,Active,Exact,Answer,Meas Value,LOINC,,Justin Liu,,Review,
Primary Diagnosis,clinical_t_category,T3d,,,,T3d,46237486,LA21810-9,Concept,Active,Exact,Answer,Meas Value,LOINC,,Justin Liu,,Review,
Primary Diagnosis,clinical_t_category,T3e,,,,AJCC/UICC T3e Category,1634730,AJCC/UICC-T3e,Concept,Active,Inexact,Staging/Grading,Measurement,Cancer Modifier,,Justin Liu,,Review,
Primary Diagnosis,clinical_t_category,T4,,,,T4,45882493,LA3620-7,Concept,Active,Exact,Answer,Meas Value,LOINC,,Justin Liu,,Review,
Primary Diagnosis,clinical_t_category,T4a,,,,T4a,45881604,LA3619-9,Concept,Active,Exact,Answer,Meas Value,LOINC,,Justin Liu,,Review,
Primary Diagnosis,clinical_t_category,T4a(s),,,LOINC,T4a,45881604,LA3619-9,Concept,Active,Inexact,Answer,Meas Value,LOINC,Closest Parent,Justin Liu 4,,Review,Mapped to closest semantic parent after correspondence with Linda Xiang
Primary Diagnosis,clinical_t_category,T4a(m),,,LOINC,T4a,45881604,LA3619-9,Concept,Active,Inexact,Answer,Meas Value,LOINC,Closest Parent,Justin Liu 4,,Review,Mapped to closest semantic parent after correspondence with Linda Xiang
Primary Diagnosis,clinical_t_category,T4b,,,,T4b,45880976,LA3618-1,Concept,Active,Exact,Answer,Meas Value,LOINC,,Justin Liu,,Review,
Primary Diagnosis,clinical_t_category,T4b(s),,,LOINC,T4b,45880976,LA3618-1,Concept,Active,Inexact,Answer,Meas Value,LOINC,Closest Parent,Justin Liu 4,,Review,Mapped to closest semantic parent after correspondence with Linda Xiang
Primary Diagnosis,clinical_t_category,T4b(m),,,LOINC,T4b,45880976,LA3618-1,Concept,Active,Inexact,Answer,Meas Value,LOINC,Closest Parent,Justin Liu 4,,Review,Mapped to closest semantic parent after correspondence with Linda Xiang
Primary Diagnosis,clinical_t_category,T4c,,,,T4c,45881602,LA3617-3,Concept,Active,Exact,Answer,Meas Value,LOINC,,Justin Liu,,Review,
Primary Diagnosis,clinical_t_category,T4d,,,,T4d,45881601,LA3616-5,Concept,Active,Exact,Answer,Meas Value,LOINC,,Justin Liu,,Review,
Primary Diagnosis,clinical_t_category,T4e,,,,T4e,46237076,LA21811-7,Concept,Active,Exact,Answer,Meas Value,LOINC,,Justin Liu,,Review,
Primary Diagnosis,clinical_t_category,Ta,,,,Ta,45880106,LA3615-7,Concept,Active,Exact,Answer,Meas Value,LOINC,,Justin Liu,,Review,
Primary Diagnosis,clinical_t_category,Tis,,,,Tis,45878381,LA3608-2,Concept,Active,Exact,Answer,Meas Value,LOINC,,Justin Liu,,Review,
Primary Diagnosis,clinical_t_category,Tis(DCIS),,,LOINC,Tis,45878381,LA3608-2,Concept,Active,Inexact,Answer,Meas Value,LOINC,Closest Parent,Justin Liu 4,,Review,Mapped to closest semantic parent after correspondence with Linda Xiang
Primary Diagnosis,clinical_t_category,Tis(LAMN),,,LOINC,Tis,45878381,LA3608-2,Concept,Active,Inexact,Answer,Meas Value,LOINC,Closest Parent,Justin Liu 4,,Review,Mapped to closest semantic parent after correspondence with Linda Xiang
Primary Diagnosis,clinical_t_category,Tis(LCIS),,,LOINC,Tis,45878381,LA3608-2,Concept,Active,Inexact,Answer,Meas Value,LOINC,Closest Parent,Justin Liu 4,,Review,Mapped to closest semantic parent after correspondence with Linda Xiang
Primary Diagnosis,clinical_t_category,Tis(Paget),,,LOINC,Tis,45878381,LA3608-2,Concept,Active,Inexact,Answer,Meas Value,LOINC,Closest Parent,Justin Liu 4,,Review,Mapped to closest semantic parent after correspondence with Linda Xiang
Primary Diagnosis,clinical_t_category,Tis(Paget’s),,,LOINC,Tis,45878381,LA3608-2,Concept,Active,Inexact,Answer,Meas Value,LOINC,Closest Parent,Justin Liu 4,,Review,Mapped to closest semantic parent after correspondence with Linda Xiang
Primary Diagnosis,clinical_t_category,Tis pd,,,,Tumor stage Tis pd,4208960,313146009,Concept,Inactive,Inexact,Clinical Finding,Condition,SNOMED,,Justin Liu,,Review,
Primary Diagnosis,clinical_t_category,Tis pu,,,,Tis pu,45878385,LA4514-1,Concept,Active,Exact,Answer,Meas Value,LOINC,,Justin Liu,,Review,
Primary Diagnosis,clinical_t_category,TX,,,,TX,45880974,LA3601-7,Concept,Active,Exact,Answer,Meas Value,LOINC,,Justin Liu,,Review,
Primary Diagnosis,clinical_n_category,N0,,,,N0,45881617,LA4368-2,Concept,Active,Exact,Answer,Meas Value,LOINC,,Justin Liu,,Review,
Primary Diagnosis,clinical_n_category,N0a,,,,N0a,46237077,LA21818-2,Concept,Active,Exact,Answer,Meas Value,LOINC,,Justin Liu,,Review,
Primary Diagnosis,clinical_n_category,N0a (biopsy),,,LOINC,N0a,46237077,LA21818-2,Concept,Active,Inexact,Answer,Meas Value,LOINC,Closest Parent,Justin Liu 4,,Review,Mapped to closest semantic parent after correspondence with Linda Xiang
Primary Diagnosis,clinical_n_category,N0b,,,,N0b,46237070,LA21819-0,Concept,Active,Exact,Answer,Meas Value,LOINC,,Justin Liu,,Review,
Primary Diagnosis,clinical_n_category,N0b (no biopsy),,,LOINC,N0b,46237070,LA21819-0,Concept,Active,Inexact,Answer,Meas Value,LOINC,Closest Parent,Justin Liu 4,,Review,Mapped to closest semantic parent after correspondence with Linda Xiang
Primary Diagnosis,clinical_n_category,N0(i+),,,,N0I+,46237069,LA21815-8,Concept,Active,Inexact,Answer,Meas Value,LOINC,,Justin Liu,,Review,
Primary Diagnosis,clinical_n_category,N0(i-),,,,N0I-,46237083,LA21814-1,Concept,Active,Inexact,Answer,Meas Value,LOINC,,Justin Liu,,Review,
Primary Diagnosis,clinical_n_category,N0(mol+),,,LOINC,N0,45881617,LA4368-2,Concept,Active,Inexact,Answer,Meas Value,LOINC,Closest Parent,Justin Liu 4,,Review,Mapped to closest semantic parent after correspondence with Linda Xiang
Primary Diagnosis,clinical_n_category,N0(mol-),,,LOINC,N0,45881617,LA4368-2,Concept,Active,Inexact,Answer,Meas Value,LOINC,Closest Parent,Justin Liu 4,,Review,Mapped to closest semantic parent after correspondence with Linda Xiang
Primary Diagnosis,clinical_n_category,N1,,,,N1,45881613,LA4537-2,Concept,Active,Exact,Answer,Meas Value,LOINC,,Justin Liu,,Review,
Primary Diagnosis,clinical_n_category,N1a,,,,N1a,45880982,LA4264-3,Concept,Active,Exact,Answer,Meas Value,LOINC,,Justin Liu,,Review,
Primary Diagnosis,clinical_n_category,N1a(sn),,,LOINC,N1a,45880982,LA4264-3,Concept,Active,Inexact,Answer,Meas Value,LOINC,Closest Parent,Justin Liu 4,,Review,Mapped to closest semantic parent after correspondence with Linda Xiang
Primary Diagnosis,clinical_n_category,N1b,,,,N1b,45881615,LA4535-6,Concept,Active,Exact,Answer,Meas Value,LOINC,,Justin Liu,,Review,
Primary Diagnosis,clinical_n_category,N1c,,,,N1c,46237062,LA21866-1,Concept,Active,Exact,Answer,Meas Value,LOINC,,Justin Liu,,Review,
Primary Diagnosis,clinical_n_category,N1mi,,,,N1mi,46237472,LA21822-4,Concept,Active,Exact,Answer,Meas Value,LOINC,,Justin Liu,,Review,
Primary Diagnosis,clinical_n_category,N2,,,,N2,45881614,LA4534-9,Concept,Active,Exact,Answer,Meas Value,LOINC,,Justin Liu,,Review,
Primary Diagnosis,clinical_n_category,N2a,,,,N2a,45882498,LA4533-1,Concept,Active,Exact,Answer,Meas Value,LOINC,,Justin Liu,,Review,
Primary Diagnosis,clinical_n_category,N2b,,,,N2b,45880111,LA4517-4,Concept,Active,Exact,Answer,Meas Value,LOINC,,Justin Liu,,Review,
Primary Diagnosis,clinical_n_category,N2c,,,,N2c,45876321,LA4531-5,Concept,Active,Exact,Answer,Meas Value,LOINC,,Justin Liu,,Review,
Primary Diagnosis,clinical_n_category,N2mi,,,,AJCC/UICC N2mi Category,1633512,AJCC/UICC-N2mi,Concept,Active,Inexact,Staging/Grading,Measurement,Cancer Modifier,,Justin Liu,,Review,
Primary Diagnosis,clinical_n_category,N3,,,,N3,45882499,LA4545-5,Concept,Active,Exact,Answer,Meas Value,LOINC,,Justin Liu,,Review,
Primary Diagnosis,clinical_n_category,N3a,,,,N3a,45884288,LA4529-9,Concept,Active,Exact,Answer,Meas Value,LOINC,,Justin Liu,,Review,
Primary Diagnosis,clinical_n_category,N3b,,,,N3b,45878649,LA4528-1,Concept,Active,Exact,Answer,Meas Value,LOINC,,Justin Liu,,Review,
Primary Diagnosis,clinical_n_category,N3c,,,,N3c,45881616,LA4527-3,Concept,Active,Exact,Answer,Meas Value,LOINC,,Justin Liu,,Review,
Primary Diagnosis,clinical_n_category,N4,,,,N4,46237477,LA21874-5,Concept,Active,Exact,Answer,Meas Value,LOINC,,Justin Liu,,Review,
Primary Diagnosis,clinical_n_category,NX,,,,NX,45884289,LA4745-1,Concept,Active,Exact,Answer,Meas Value,LOINC,,Justin Liu,,Review,
Primary Diagnosis,clinical_m_category,M0,,,,M0,45878650,LA4629-7,Concept,Active,Exact,Answer,Meas Value,LOINC,,Justin Liu,,Review,
Primary Diagnosis,clinical_m_category,M0(i+),,,,M0I+,46237080,LA21876-0,Concept,Active,Inexact,Answer,Meas Value,LOINC,,Justin Liu,,Review,
Primary Diagnosis,clinical_m_category,M1,,,,M1,45876322,LA4628-9,Concept,Active,Exact,Answer,Meas Value,LOINC,,Justin Liu,,Review,
Primary Diagnosis,clinical_m_category,M1a,,,,M1A,45882500,LA4627-1,Concept,Active,Exact,Answer,Meas Value,LOINC,,Justin Liu,,Review,
Primary Diagnosis,clinical_m_category,M1a(0),,,LOINC,M1A,45882500,LA4627-1,Concept,Active,Inexact,Answer,Meas Value,LOINC,Closest Parent,Justin Liu 4,,Review,Mapped to closest semantic parent after correspondence with Linda Xiang
Primary Diagnosis,clinical_m_category,M1a(1),,,LOINC,M1A,45882500,LA4627-1,Concept,Active,Inexact,Answer,Meas Value,LOINC,Closest Parent,Justin Liu 4,,Review,Mapped to closest semantic parent after correspondence with Linda Xiang
Primary Diagnosis,clinical_m_category,M1b,,,,M1B,45881618,LA4626-3,Concept,Active,Exact,Answer,Meas Value,LOINC,,Justin Liu,,Review,
Primary Diagnosis,clinical_m_category,M1b(0),,,LOINC,M1B,45881618,LA4626-3,Concept,Active,Inexact,Answer,Meas Value,LOINC,Closest Parent,Justin Liu 4,,Review,Mapped to closest semantic parent after correspondence with Linda Xiang
Primary Diagnosis,clinical_m_category,M1b(1),,,LOINC,M1B,45881618,LA4626-3,Concept,Active,Inexact,Answer,Meas Value,LOINC,Closest Parent,Justin Liu 4,,Review,Mapped to closest semantic parent after correspondence with Linda Xiang
Primary Diagnosis,clinical_m_category,M1c,,,,M1C,45878386,LA4625-5,Concept,Active,Exact,Answer,Meas Value,LOINC,,Justin Liu,,Review,
Primary Diagnosis,clinical_m_category,M1c(0),,,LOINC,M1C,45878386,LA4625-5,Concept,Active,Inexact,Answer,Meas Value,LOINC,Closest Parent,Justin Liu 4,,Review,Mapped to closest semantic parent after correspondence with Linda Xiang
Primary Diagnosis,clinical_m_category,M1c(1),,,LOINC,M1C,45878386,LA4625-5,Concept,Active,Inexact,Answer,Meas Value,LOINC,Closest Parent,Justin Liu 4,,Review,Mapped to closest semantic parent after correspondence with Linda Xiang
Primary Diagnosis,clinical_m_category,M1d,,,,M1d,46237067,LA21877-8,Concept,Active,Exact,Answer,Meas Value,LOINC,,Justin Liu,,Review,
Primary Diagnosis,clinical_m_category,M1d(0),,,LOINC,M1d,46237067,LA21877-8,Concept,Active,Inexact,Answer,Meas Value,LOINC,Closest Parent,Justin Liu 4,,Review,Mapped to closest semantic parent after correspondence with Linda Xiang
Primary Diagnosis,clinical_m_category,M1d(1),,,LOINC,M1d,46237067,LA21877-8,Concept,Active,Inexact,Answer,Meas Value,LOINC,Closest Parent,Justin Liu 4,,Review,Mapped to closest semantic parent after correspondence with Linda Xiang
Primary Diagnosis,clinical_m_category,M1e,,,,M1e,46237075,LA21878-6,Concept,Active,Exact,Answer,Meas Value,LOINC,,Justin Liu,,Review,
Primary Diagnosis,clinical_m_category,MX,,,,MX,45876323,LA4544-8,Concept,Active,Exact,Answer,Meas Value,LOINC,,Justin Liu,,Review,
Primary Diagnosis,clinical_m_category,Not applicable,,,,Not applicable,4294169,385432009,Concept,Active,Exact,Qualifier Value,Meas Value,SNOMED,,Justin Liu,,Review,
Primary Diagnosis,clinical_stage_group,Stage 0,,,,Stage 0,45884284,LA4323-7,Concept,Active,Exact,Answer,Meas Value,LOINC,,Justin Liu,,Review,
Primary Diagnosis,clinical_stage_group,Stage 0a,,,,Stage 0A,45881605,LA4322-9,Concept,Active,Exact,Answer,Meas Value,LOINC,,Justin Liu,,Review,
Primary Diagnosis,clinical_stage_group,Stage 0is,,,,Stage 0is,45882496,LA4321-1,Concept,Active,Exact,Answer,Meas Value,LOINC,,Justin Liu,,Review,
Primary Diagnosis,clinical_stage_group,Stage 1,,,,Stage 1,45879332,LA6383-9,Concept,Active,Exact,Answer,Meas Value,LOINC,,Justin Liu,,Review,
Primary Diagnosis,clinical_stage_group,Stage 1A,,,,Stage IA,45878383,LA3663-7,Concept,Active,Exact,Answer,Meas Value,LOINC,,Justin Liu,,Review,
Primary Diagnosis,clinical_stage_group,Stage 1B,,,,Stage IB,45876317,LA3662-9,Concept,Active,Exact,Answer,Meas Value,LOINC,,Justin Liu,,Review,
Primary Diagnosis,clinical_stage_group,Stage A,,,,Stage A,45884292,LA3669-4,Concept,Active,Exact,Answer,Meas Value,LOINC,,Justin Liu,,Review,
Primary Diagnosis,clinical_stage_group,Stage B,,,,Stage B,45876326,LA3668-6,Concept,Active,Exact,Answer,Meas Value,LOINC,,Justin Liu,,Review,
Primary Diagnosis,clinical_stage_group,Stage C,,,,Stage C,45881861,LA3667-8,Concept,Active,Exact,Answer,Meas Value,LOINC,,Justin Liu,,Review,
Primary Diagnosis,clinical_stage_group,Stage I,,,,Stage I,45880980,LA3664-5,Concept,Active,Exact,Answer,Meas Value,LOINC,,Justin Liu,,Review,
Primary Diagnosis,clinical_stage_group,Stage IA,,,,Stage IA,45878383,LA3663-7,Concept,Active,Exact,Answer,Meas Value,LOINC,,Justin Liu,,Review,
Primary Diagnosis,clinical_stage_group,Stage IA1,,,,Stage IA1,45882495,LA4320-3,Concept,Active,Exact,Answer,Meas Value,LOINC,,Justin Liu,,Review,
Primary Diagnosis,clinical_stage_group,Stage IA2,,,,Stage IA2,45882494,LA4319-5,Concept,Active,Exact,Answer,Meas Value,LOINC,,Justin Liu,,Review,
Primary Diagnosis,clinical_stage_group,Stage IA3,,,,Stage 1A3,1633775,Stage-1A3,Concept,Active,Inexact,Staging/Grading,Measurement,Cancer Modifier,,Justin Liu,,Review,
Primary Diagnosis,clinical_stage_group,Stage IAB,,,LOINC,Stage IA,45878383,LA3663-7,Concept,Active,Inexact,Answer,Meas Value,LOINC,Closest Parent,Justin Liu 4,,Review,Mapped to closest semantic parent after correspondence with Linda Xiang
Primary Diagnosis,clinical_stage_group,Stage IAE,,,LOINC,Stage IA,45878383,LA3663-7,Concept,Active,Inexact,Answer,Meas Value,LOINC,Closest Parent,Justin Liu 4,,Review,Mapped to closest semantic parent after correspondence with Linda Xiang
Primary Diagnosis,clinical_stage_group,Stage IAES,,,LOINC,Stage IA,45878383,LA3663-7,Concept,Active,Inexact,Answer,Meas Value,LOINC,Closest Parent,Justin Liu 4,,Review,Mapped to closest semantic parent after correspondence with Linda Xiang
Primary Diagnosis,clinical_stage_group,Stage IAS,,,LOINC,Stage IA,45878383,LA3663-7,Concept,Active,Inexact,Answer,Meas Value,LOINC,Closest Parent,Justin Liu 4,,Review,Mapped to closest semantic parent after correspondence with Linda Xiang
Primary Diagnosis,clinical_stage_group,Stage IB,,,,Stage IB,45876317,LA3662-9,Concept,Active,Exact,Answer,Meas Value,LOINC,,Justin Liu,,Review,
Primary Diagnosis,clinical_stage_group,Stage IB1,,,,Stage IB1,45881607,LA4318-7,Concept,Active,Exact,Answer,Meas Value,LOINC,,Justin Liu,,Review,
Primary Diagnosis,clinical_stage_group,Stage IB2,,,,Stage IB2,45881606,LA4317-9,Concept,Active,Exact,Answer,Meas Value,LOINC,,Justin Liu,,Review,
Primary Diagnosis,clinical_stage_group,Stage IBE,,,LOINC,Stage IB,45876317,LA3662-9,Concept,Active,Inexact,Answer,Meas Value,LOINC,Closest Parent,Justin Liu 4,,Review,Mapped to closest semantic parent after correspondence with Linda Xiang
Primary Diagnosis,clinical_stage_group,Stage IBES,,,LOINC,Stage IB,45876317,LA3662-9,Concept,Active,Inexact,Answer,Meas Value,LOINC,Closest Parent,Justin Liu 4,,Review,Mapped to closest semantic parent after correspondence with Linda Xiang
Primary Diagnosis,clinical_stage_group,Stage IBS,,,LOINC,Stage IB,45876317,LA3662-9,Concept,Active,Inexact,Answer,Meas Value,LOINC,Closest Parent,Justin Liu 4,,Review,Mapped to closest semantic parent after correspondence with Linda Xiang
Primary Diagnosis,clinical_stage_group,Stage IC,,,,Stage IC,45878652,LA4316-1,Concept,Active,Exact,Answer,Meas Value,LOINC,,Justin Liu,,Review,
Primary Diagnosis,clinical_stage_group,Stage IE,,,,Stage IE,46237073,LA21791-1,Concept,Active,Exact,Answer,Meas Value,LOINC,,Justin Liu,,Review,
Primary Diagnosis,clinical_stage_group,Stage IEA,,,LOINC,Stage IE,46237073,LA21791-1,Concept,Active,Inexact,Answer,Meas Value,LOINC,Closest Parent,Justin Liu 4,,Review,Mapped to closest semantic parent after correspondence with Linda Xiang
Primary Diagnosis,clinical_stage_group,Stage IEB,,,LOINC,Stage IE,46237073,LA21791-1,Concept,Active,Inexact,Answer,Meas Value,LOINC,Closest Parent,Justin Liu 4,,Review,Mapped to closest semantic parent after correspondence with Linda Xiang
Primary Diagnosis,clinical_stage_group,Stage IES,,,LOINC,Stage IE,46237073,LA21791-1,Concept,Active,Inexact,Answer,Meas Value,LOINC,Closest Parent,Justin Liu 4,,Review,Mapped to closest semantic parent after correspondence with Linda Xiang
Primary Diagnosis,clinical_stage_group,Stage II,,,,Stage II,45880979,LA3661-1,Concept,Active,Exact,Answer,Meas Value,LOINC,,Justin Liu,,Review,
Primary Diagnosis,clinical_stage_group,Stage II bulky,,,,American Joint Committee on Cancer stage II bulky,37163968,1222772008,Synonym,Active,Inexact,Qualifier Value,Meas Value,SNOMED,,Justin Liu,,Review,
Primary Diagnosis,clinical_stage_group,Stage IIA,,,,Stage IIA,45876316,LA3660-3,Concept,Active,Exact,Answer,Meas Value,LOINC,,Justin Liu,,Review,
Primary Diagnosis,clinical_stage_group,Stage IIA1,,,,Stage IIA1,46237999,LA21844-8,Concept,Active,Exact,Answer,Meas Value,LOINC,,Justin Liu,,Review,
Primary Diagnosis,clinical_stage_group,Stage IIA2,,,,Stage IIA2,46237478,LA21845-5,Concept,Active,Exact,Answer,Meas Value,LOINC,,Justin Liu,,Review,
Primary Diagnosis,clinical_stage_group,Stage IIAE,,,LOINC,Stage IIA,45876316,LA3660-3,Concept,Active,Inexact,Answer,Meas Value,LOINC,Closest Parent,Justin Liu 4,,Review,Mapped to closest semantic parent after correspondence with Linda Xiang
Primary Diagnosis,clinical_stage_group,Stage IIAES,,,LOINC,Stage IIA,45876316,LA3660-3,Concept,Active,Inexact,Answer,Meas Value,LOINC,Closest Parent,Justin Liu 4,,Review,Mapped to closest semantic parent after correspondence with Linda Xiang
Primary Diagnosis,clinical_stage_group,Stage IIAS,,,LOINC,Stage IIA,45876316,LA3660-3,Concept,Active,Inexact,Answer,Meas Value,LOINC,Closest Parent,Justin Liu 4,,Review,Mapped to closest semantic parent after correspondence with Linda Xiang
Primary Diagnosis,clinical_stage_group,Stage IIB,,,,Stage IIB,45882497,LA3659-5,Concept,Active,Exact,Answer,Meas Value,LOINC,,Justin Liu,,Review,
Primary Diagnosis,clinical_stage_group,Stage IIBE,,,LOINC,Stage IIB,45882497,LA3659-5,Concept,Active,Inexact,Answer,Meas Value,LOINC,Closest Parent,Justin Liu 4,,Review,Mapped to closest semantic parent after correspondence with Linda Xiang
Primary Diagnosis,clinical_stage_group,Stage IIBES,,,LOINC,Stage IIB,45882497,LA3659-5,Concept,Active,Inexact,Answer,Meas Value,LOINC,Closest Parent,Justin Liu 4,,Review,Mapped to closest semantic parent after correspondence with Linda Xiang
Primary Diagnosis,clinical_stage_group,Stage IIBS,,,LOINC,Stage IIB,45882497,LA3659-5,Concept,Active,Inexact,Answer,Meas Value,LOINC,Closest Parent,Justin Liu 4,,Review,Mapped to closest semantic parent after correspondence with Linda Xiang
Primary Diagnosis,clinical_stage_group,Stage IIC,,,,Stage IIC,45878382,LA3658-7,Concept,Active,Exact,Answer,Meas Value,LOINC,,Justin Liu,,Review,
Primary Diagnosis,clinical_stage_group,Stage IIE,,,,Stage IIE,46237084,LA21794-5,Concept,Active,Exact,Answer,Meas Value,LOINC,,Justin Liu,,Review,
Primary Diagnosis,clinical_stage_group,Stage IIEA,,,LOINC,Stage IIE,46237084,LA21794-5,Concept,Active,Inexact,Answer,Meas Value,LOINC,Closest Parent,Justin Liu 4,,Review,Mapped to closest semantic parent after correspondence with Linda Xiang
Primary Diagnosis,clinical_stage_group,Stage IIEB,,,LOINC,Stage IIE,46237084,LA21794-5,Concept,Active,Inexact,Answer,Meas Value,LOINC,Closest Parent,Justin Liu 4,,Review,Mapped to closest semantic parent after correspondence with Linda Xiang
Primary Diagnosis,clinical_stage_group,Stage IIES,,,LOINC,Stage IIE,46237084,LA21794-5,Concept,Active,Inexact,Answer,Meas Value,LOINC,Closest Parent,Justin Liu 4,,Review,Mapped to closest semantic parent after correspondence with Linda Xiang
Primary Diagnosis,clinical_stage_group,Stage III,,,,Stage III,45878643,LA3657-9,Concept,Active,Exact,Answer,Meas Value,LOINC,,Justin Liu,,Review,
Primary Diagnosis,clinical_stage_group,Stage IIIA,,,,Stage IIIA,45880978,LA3656-1,Concept,Active,Exact,Answer,Meas Value,LOINC,,Justin Liu,,Review,
Primary Diagnosis,clinical_stage_group,Stage IIIA1,,,,American Joint Committee on Cancer stage IIIA1,37163997,1222803006,Synonym,Active,Inexact,Qualifier Value,Meas Value,SNOMED,,Justin Liu,,Review,
Primary Diagnosis,clinical_stage_group,Stage IIIA2,,,,American Joint Committee on Cancer stage IIIA2,37163998,1222804000,Synonym,Active,Inexact,Qualifier Value,Meas Value,SNOMED,,Justin Liu,,Review,
Primary Diagnosis,clinical_stage_group,Stage IIIAE,,,LOINC,Stage IIIA,45880978,LA3656-1,Concept,Active,Inexact,Answer,Meas Value,LOINC,Closest Parent,Justin Liu 4,,Review,Mapped to closest semantic parent after correspondence with Linda Xiang
Primary Diagnosis,clinical_stage_group,Stage IIIAES,,,LOINC,Stage IIIA,45880978,LA3656-1,Concept,Active,Inexact,Answer,Meas Value,LOINC,Closest Parent,Justin Liu 4,,Review,Mapped to closest semantic parent after correspondence with Linda Xiang
Primary Diagnosis,clinical_stage_group,Stage IIIAS,,,LOINC,Stage IIIA,45880978,LA3656-1,Concept,Active,Inexact,Answer,Meas Value,LOINC,Closest Parent,Justin Liu 4,,Review,Mapped to closest semantic parent after correspondence with Linda Xiang
Primary Diagnosis,clinical_stage_group,Stage IIIB,,,,Stage IIIB,45884285,LA3655-3,Concept,Active,Exact,Answer,Meas Value,LOINC,,Justin Liu,,Review,
Primary Diagnosis,clinical_stage_group,Stage IIIBE,,,LOINC,Stage IIIB,45884285,LA3655-3,Concept,Active,Inexact,Answer,Meas Value,LOINC,Closest Parent,Justin Liu 4,,Review,Mapped to closest semantic parent after correspondence with Linda Xiang
Primary Diagnosis,clinical_stage_group,Stage IIIBES,,,LOINC,Stage IIIB,45884285,LA3655-3,Concept,Active,Inexact,Answer,Meas Value,LOINC,Closest Parent,Justin Liu 4,,Review,Mapped to closest semantic parent after correspondence with Linda Xiang
Primary Diagnosis,clinical_stage_group,Stage IIIBS,,,LOINC,Stage IIIB,45884285,LA3655-3,Concept,Active,Inexact,Answer,Meas Value,LOINC,Closest Parent,Justin Liu 4,,Review,Mapped to closest semantic parent after correspondence with Linda Xiang
Primary Diagnosis,clinical_stage_group,Stage IIIC,,,,Stage IIIC,45881608,LA3654-6,Concept,Active,Exact,Answer,Meas Value,LOINC,,Justin Liu,,Review,
Primary Diagnosis,clinical_stage_group,Stage IIIC1,,,,Stage IIIC1,46237081,LA21848-9,Concept,Active,Exact,Answer,Meas Value,LOINC,,Justin Liu,,Review,
Primary Diagnosis,clinical_stage_group,Stage IIIC2,,,,Stage IIIC2,46237479,LA21871-1,Concept,Active,Exact,Answer,Meas Value,LOINC,,Justin Liu,,Review,
Primary Diagnosis,clinical_stage_group,Stage IIID,,,,Stage IIID,45876327,LA3653-8,Concept,Active,Exact,Answer,Meas Value,LOINC,,Justin Liu,,Review,
Primary Diagnosis,clinical_stage_group,Stage IIIE,,,,Stage IIIE,45878395,LA3652-0,Concept,Active,Exact,Answer,Meas Value,LOINC,,Justin Liu,,Review,
Primary Diagnosis,clinical_stage_group,Stage IIIES,,,LOINC,Stage IIIE,45878395,LA3652-0,Concept,Active,Inexact,Answer,Meas Value,LOINC,Closest Parent,Justin Liu 4,,Review,Mapped to closest semantic parent after correspondence with Linda Xiang
Primary Diagnosis,clinical_stage_group,Stage IIIS,,,,Stage IIIS,46237998,LA21800-0,Concept,Active,Exact,Answer,Meas Value,LOINC,,Justin Liu,,Review,
Primary Diagnosis,clinical_stage_group,Stage IIS,,,,Stage IIS,46237085,LA21847-1,Concept,Active,Exact,Answer,Meas Value,LOINC,,Justin Liu,,Review,
Primary Diagnosis,clinical_stage_group,Stage IS,,,,Stage IS,45884283,LA4315-3,Concept,Active,Exact,Answer,Meas Value,LOINC,,Justin Liu,,Review,
Primary Diagnosis,clinical_stage_group,Stage IV,,,,Stage IV,45880109,LA3651-2,Concept,Active,Exact,Answer,Meas Value,LOINC,,Justin Liu,,Review,
Primary Diagnosis,clinical_stage_group,Stage IVA,,,,Stage IVA,45880108,LA3650-4,Concept,Active,Exact,Answer,Meas Value,LOINC,,Justin Liu,,Review,
Primary Diagnosis,clinical_stage_group,Stage IVA1,,,,Stage IVA1,46238000,LA21872-9,Concept,Active,Exact,Answer,Meas Value,LOINC,,Justin Liu,,Review,
Primary Diagnosis,clinical_stage_group,Stage IVA2,,,,Stage IVA2,46237068,LA21850-5,Concept,Active,Exact,Answer,Meas Value,LOINC,,Justin Liu,,Review,
Primary Diagnosis,clinical_stage_group,Stage IVAE,,,LOINC,Stage IVA,45880108,LA3650-4,Concept,Active,Inexact,Answer,Meas Value,LOINC,Closest Parent,Justin Liu 4,,Review,Mapped to closest semantic parent after correspondence with Linda Xiang
Primary Diagnosis,clinical_stage_group,Stage IVAES,,,LOINC,Stage IVA,45880108,LA3650-4,Concept,Active,Inexact,Answer,Meas Value,LOINC,Closest Parent,Justin Liu 4,,Review,Mapped to closest semantic parent after correspondence with Linda Xiang
Primary Diagnosis,clinical_stage_group,Stage IVAS,,,LOINC,Stage IVA,45880108,LA3650-4,Concept,Active,Inexact,Answer,Meas Value,LOINC,Closest Parent,Justin Liu 4,,Review,Mapped to closest semantic parent after correspondence with Linda Xiang
Primary Diagnosis,clinical_stage_group,Stage IVB,,,,Stage IVB,45876315,LA3649-6,Concept,Active,Exact,Answer,Meas Value,LOINC,,Justin Liu,,Review,
Primary Diagnosis,clinical_stage_group,Stage IVBE,,,LOINC,Stage IVB,45876315,LA3649-6,Concept,Active,Inexact,Answer,Meas Value,LOINC,Closest Parent,Justin Liu 4,,Review,Mapped to closest semantic parent after correspondence with Linda Xiang
Primary Diagnosis,clinical_stage_group,Stage IVBES,,,LOINC,Stage IVB,45876315,LA3649-6,Concept,Active,Inexact,Answer,Meas Value,LOINC,Closest Parent,Justin Liu 4,,Review,Mapped to closest semantic parent after correspondence with Linda Xiang
Primary Diagnosis,clinical_stage_group,Stage IVBS,,,LOINC,Stage IVB,45876315,LA3649-6,Concept,Active,Inexact,Answer,Meas Value,LOINC,Closest Parent,Justin Liu 4,,Review,Mapped to closest semantic parent after correspondence with Linda Xiang
Primary Diagnosis,clinical_stage_group,Stage IVC,,,,Stage IVC,45876314,LA4314-6,Concept,Active,Exact,Answer,Meas Value,LOINC,,Justin Liu,,Review,
Primary Diagnosis,clinical_stage_group,Stage IVE,,,,Stage IVE,46238005,LA21802-6,Concept,Active,Exact,Answer,Meas Value,LOINC,,Justin Liu,,Review,
Primary Diagnosis,clinical_stage_group,Stage IVES,,,LOINC,Stage IVE,46238005,LA21802-6,Concept,Active,Inexact,Answer,Meas Value,LOINC,Closest Parent,Justin Liu 4,,Review,Mapped to closest semantic parent after correspondence with Linda Xiang
Primary Diagnosis,clinical_stage_group,Stage IVS,,,,Stage IVS,45880986,LA3648-8,Concept,Active,Exact,Answer,Meas Value,LOINC,,Justin Liu,,Review,
Primary Diagnosis,clinical_stage_group,In situ,,,,In situ,4136272,264031007,Concept,Active,Exact,Qualifier Value,Observation,SNOMED,,Justin Liu,,Review,
Primary Diagnosis,clinical_stage_group,Localized,,,,Localized,4114652,255471002,Concept,Active,Exact,Qualifier Value,Meas Value,SNOMED,,Justin Liu,,Review,
Primary Diagnosis,clinical_stage_group,Regionalized,,,LOINC,,,,,,No Match,,,,,,,Review,
Primary Diagnosis,clinical_stage_group,Distant,,,,Distant,4128936,261007001,Concept,Active,Exact,Qualifier Value,Meas Value,SNOMED,,Justin Liu,,Review,
Primary Diagnosis,clinical_stage_group,Stage L1,,,,INRG Stage L1,1635769,INRG-L1,Concept,Active,Exact,Staging/Grading,Measurement,Cancer Modifier,,Justin Liu 2,,Review,
Primary Diagnosis,clinical_stage_group,Stage L2,,,,INRG Stage L2,1634844,INRG-L2,Concept,Active,Exact,Staging/Grading,Measurement,Cancer Modifier,,Justin Liu 2,,Review,
Primary Diagnosis,clinical_stage_group,Stage M,,,,INRG Stage M,1634573,INRG-M1,Concept,Active,Exact,Staging/Grading,Measurement,Cancer Modifier,,Justin Liu 2,,Review,
Primary Diagnosis,clinical_stage_group,Stage Ms,,,,INRG Stage MS,1634756,INRG-MS,Concept,Active,Exact,Staging/Grading,Measurement,Cancer Modifier,,Justin Liu 2,,Review,
Primary Diagnosis,clinical_stage_group,Stage 1,,,,Stage 1,45879332,LA6383-9,Concept,Active,Exact,Answer,Meas Value,LOINC,,Justin Liu,,Review,
Primary Diagnosis,clinical_stage_group,Stage 2A,,,,Stage IIA,45876316,LA3660-3,Concept,Active,Inexact,Answer,Meas Value,LOINC,Manual,Justin Liu,,Review,
Primary Diagnosis,clinical_stage_group,Stage 2B,,,,Stage IIB,45882497,LA3659-5,Concept,Active,Inexact,Answer,Meas Value,LOINC,Manual,Justin Liu,,Review,
Primary Diagnosis,clinical_stage_group,Stage 3,,,,Stage III,45878643,LA3657-9,Concept,Active,Inexact,Answer,Meas Value,LOINC,Manual,Justin Liu,,Review,
Primary Diagnosis,clinical_stage_group,Stage 4,,,,Stage IV,45880109,LA3651-2,Concept,Active,Inexact,Answer,Meas Value,LOINC,Manual,Justin Liu,,Review,
Primary Diagnosis,clinical_stage_group,Stage 4S,,,,Stage IVS,45880986,LA3648-8,Concept,Active,Inexact,Answer,Meas Value,LOINC,Manual,Justin Liu,,Review,
Primary Diagnosis,clinical_stage_group,Occult Carcinoma,,,,Occult carcinoma,4127475,261481006,Concept,Active,Exact,Qualifier Value,Meas Value,SNOMED,,Justin Liu,,Review,
Primary Diagnosis,clinical_stage_group,Not available,,,,Not available,45884396,LA7338-2,Concept,Active,Exact,Answer,Meas Value,LOINC,,Justin Liu,,Review,
Primary Diagnosis,pathological_tumour_staging_system,AJCC cancer staging system,,,,AJCC (American Joint Committee on Cancer) allowable value,37163866,1222584008,Synonym,Active,Inexact,Qualifier Value,Meas Value,SNOMED,,Justin Liu,,Review,
Primary Diagnosis,pathological_tumour_staging_system,Ann Arbor staging system,,,,Ann Arbor lymphoma staging system,4115000,254372002,Concept,Active,Inexact,Staging / Scales,Measurement,SNOMED,Manual,Justin Liu,,Review,
Primary Diagnosis,pathological_tumour_staging_system,Binet staging system,,,,Binet staging classification for chronic lymphocytic leukemia,607090,1149099005,Concept,Active,Inexact,Staging / Scales,Measurement,SNOMED,Manual,Justin Liu,,Review,
Primary Diagnosis,pathological_tumour_staging_system,Durie-Salmon staging system,,,,Durie-Salmon staging system,1074424,1343303003,Concept,Active,Exact,Staging / Scales,Measurement,SNOMED,,Justin Liu,,Review,
Primary Diagnosis,pathological_tumour_staging_system,FIGO staging system,,,,FIGO staging system of gynaecological malignancy,4110414,254383006,Synonym,Active,Inexact,Staging / Scales,Measurement,SNOMED,,Justin Liu,,Review,
Primary Diagnosis,pathological_tumour_staging_system,International Neuroblastoma Risk Group Staging System,,,,International Neuroblastoma Risk Group staging system,1242682,1287643004,Synonym,Active,Exact,Staging / Scales,Measurement,SNOMED,,Justin Liu,,Review,
Primary Diagnosis,pathological_tumour_staging_system,International Neuroblastoma Staging System,,,,International neuroblastoma staging system,4110410,254363005,Concept,Active,Exact,Staging / Scales,Measurement,SNOMED,,Justin Liu,,Review,
Primary Diagnosis,pathological_tumour_staging_system,Lugano staging system,,,,Lugano classification adult Hodgkin lymphoma,1243639,1297085001,Concept,Active,Inexact,Staging / Scales,Measurement,SNOMED,Manual,Justin Liu,,Review,
Primary Diagnosis,pathological_tumour_staging_system,Rai staging system,,,,Rai staging system for chronic lymphocytic leukemia,607102,1149131009,Concept,Active,Inexact,Staging / Scales,Measurement,SNOMED,,Justin Liu,,Review,
Primary Diagnosis,pathological_tumour_staging_system,Revised International staging system (R-ISS),,,,Revised International Staging System for multiple myeloma,607126,1149163003,Concept,Active,Inexact,Staging / Scales,Measurement,SNOMED,,Justin Liu,,Review,
Primary Diagnosis,pathological_tumour_staging_system,SEER staging system,,,,"Surveillance Epidemiology and End Results Program, Extent of Disease - 2018 edition",1244100,761681000124102,Concept,Active,Inexact,Staging / Scales,Measurement,SNOMED,Manual,Justin Liu,,Review,
Primary Diagnosis,pathological_tumour_staging_system,St Jude staging system,,,,St Jude non-Hodgkin lymphoma staging system,4112450,254371009,Synonym,Active,Inexact,Staging / Scales,Measurement,SNOMED,,Justin Liu,,Review,
Primary Diagnosis,pathological_tumour_staging_system,Not available,,,,Not available,45884396,LA7338-2,Concept,Active,Exact,Answer,Meas Value,LOINC,,Justin Liu,,Review,
Primary Diagnosis,pathological_t_category,T0,,,,T0,45878380,LA3638-9,Concept,Active,Exact,Answer,Meas Value,LOINC,,Justin Liu,,Review,
Primary Diagnosis,pathological_t_category,T1,,,,T1,45878379,LA3637-1,Concept,Active,Exact,Answer,Meas Value,LOINC,,Justin Liu,,Review,
Primary Diagnosis,pathological_t_category,T1a,,,,T1a,45876312,LA3636-3,Concept,Active,Exact,Answer,Meas Value,LOINC,,Justin Liu,,Review,
Primary Diagnosis,pathological_t_category,T1a1,,,,T1a1,45880972,LA3635-5,Concept,Active,Exact,Answer,Meas Value,LOINC,,Justin Liu,,Review,
Primary Diagnosis,pathological_t_category,T1a2,,,,T1a2,45880105,LA3634-8,Concept,Active,Exact,Answer,Meas Value,LOINC,,Justin Liu,,Review,
Primary Diagnosis,pathological_t_category,T1a(s),,,LOINC,T1a,45876312,LA3636-3,Concept,Active,Inexact,Answer,Meas Value,LOINC,Closest Parent,Justin Liu 4,,Review,Mapped to closest semantic parent after correspondence with Linda Xiang
Primary Diagnosis,pathological_t_category,T1a(m),,,LOINC,T1a,45876312,LA3636-3,Concept,Active,Inexact,Answer,Meas Value,LOINC,Closest Parent,Justin Liu 4,,Review,Mapped to closest semantic parent after correspondence with Linda Xiang
Primary Diagnosis,pathological_t_category,T1b,,,,T1b,45880104,LA3633-0,Concept,Active,Exact,Answer,Meas Value,LOINC,,Justin Liu,,Review,
Primary Diagnosis,pathological_t_category,T1b1,,,,T1b1,45884280,LA3632-2,Concept,Active,Exact,Answer,Meas Value,LOINC,,Justin Liu,,Review,
Primary Diagnosis,pathological_t_category,T1b2,,,,T1b2,45882490,LA3631-4,Concept,Active,Exact,Answer,Meas Value,LOINC,,Justin Liu,,Review,
Primary Diagnosis,pathological_t_category,T1b(s),,,LOINC,T1b,45880104,LA3633-0,Concept,Active,Inexact,Answer,Meas Value,LOINC,Closest Parent,Justin Liu 4,,Review,Mapped to closest semantic parent after correspondence with Linda Xiang
Primary Diagnosis,pathological_t_category,T1b(m),,,LOINC,T1b,45880104,LA3633-0,Concept,Active,Inexact,Answer,Meas Value,LOINC,Closest Parent,Justin Liu 4,,Review,Mapped to closest semantic parent after correspondence with Linda Xiang
Primary Diagnosis,pathological_t_category,T1c,,,,T1c,45881600,LA3630-6,Concept,Active,Exact,Answer,Meas Value,LOINC,,Justin Liu,,Review,
Primary Diagnosis,pathological_t_category,T1c1,,,,AJCC/UICC T1c1 Category,1635069,AJCC/UICC-T1c1,Concept,Active,Inexact,Staging/Grading,Measurement,Cancer Modifier,,Justin Liu,,Review,
Primary Diagnosis,pathological_t_category,T1c2,,,,AJCC/UICC T1c2 Category,1635668,AJCC/UICC-T1c2,Concept,Active,Inexact,Staging/Grading,Measurement,Cancer Modifier,,Justin Liu,,Review,
Primary Diagnosis,pathological_t_category,T1d,,,,T1d,46237470,LA21805-9,Concept,Active,Exact,Answer,Meas Value,LOINC,,Justin Liu,,Review,
Primary Diagnosis,pathological_t_category,T1mi,,,,T1mi,46237476,LA21854-7,Concept,Active,Exact,Answer,Meas Value,LOINC,,Justin Liu,,Review,
Primary Diagnosis,pathological_t_category,T2,,,,T2,45884279,LA3628-0,Concept,Active,Exact,Answer,Meas Value,LOINC,,Justin Liu,,Review,
Primary Diagnosis,pathological_t_category,T2(s),,,LOINC,T2,45884279,LA3628-0,Concept,Active,Inexact,Answer,Meas Value,LOINC,Closest Parent,Justin Liu 4,,Review,Mapped to closest semantic parent after correspondence with Linda Xiang
Primary Diagnosis,pathological_t_category,T2(m),,,LOINC,T2,45884279,LA3628-0,Concept,Active,Inexact,Answer,Meas Value,LOINC,Closest Parent,Justin Liu 4,,Review,Mapped to closest semantic parent after correspondence with Linda Xiang
Primary Diagnosis,pathological_t_category,T2a,,,,T2a,45878642,LA3627-2,Concept,Active,Exact,Answer,Meas Value,LOINC,,Justin Liu,,Review,
Primary Diagnosis,pathological_t_category,T2a1,,,,T2a1,46238001,LA21806-7,Concept,Active,Exact,Answer,Meas Value,LOINC,,Justin Liu,,Review,
Primary Diagnosis,pathological_t_category,T2a2,,,,T2a2,46238002,LA21807-5,Concept,Active,Exact,Answer,Meas Value,LOINC,,Justin Liu,,Review,
Primary Diagnosis,pathological_t_category,T2b,,,,T2b,45884281,LA3626-4,Concept,Active,Exact,Answer,Meas Value,LOINC,,Justin Liu,,Review,
Primary Diagnosis,pathological_t_category,T2c,,,,T2c,45881603,LA3625-6,Concept,Active,Exact,Answer,Meas Value,LOINC,,Justin Liu,,Review,
Primary Diagnosis,pathological_t_category,T2d,,,,T2d,46237485,LA21808-3,Concept,Active,Exact,Answer,Meas Value,LOINC,,Justin Liu,,Review,
Primary Diagnosis,pathological_t_category,T3,,,,T3,45876313,LA3624-9,Concept,Active,Exact,Answer,Meas Value,LOINC,,Justin Liu,,Review,
Primary Diagnosis,pathological_t_category,T3(s),,,LOINC,T3,45876313,LA3624-9,Concept,Active,Inexact,Answer,Meas Value,LOINC,Closest Parent,Justin Liu 4,,Review,Mapped to closest semantic parent after correspondence with Linda Xiang
Primary Diagnosis,pathological_t_category,T3(m),,,LOINC,T3,45876313,LA3624-9,Concept,Active,Inexact,Answer,Meas Value,LOINC,Closest Parent,Justin Liu 4,,Review,Mapped to closest semantic parent after correspondence with Linda Xiang
Primary Diagnosis,pathological_t_category,T3a,,,,T3a,45882492,LA3623-1,Concept,Active,Exact,Answer,Meas Value,LOINC,,Justin Liu,,Review,
Primary Diagnosis,pathological_t_category,T3b,,,,T3b,45884282,LA3622-3,Concept,Active,Exact,Answer,Meas Value,LOINC,,Justin Liu,,Review,
Primary Diagnosis,pathological_t_category,T3c,,,,T3c,45880977,LA3621-5,Concept,Active,Exact,Answer,Meas Value,LOINC,,Justin Liu,,Review,
Primary Diagnosis,pathological_t_category,T3d,,,,T3d,46237486,LA21810-9,Concept,Active,Exact,Answer,Meas Value,LOINC,,Justin Liu,,Review,
Primary Diagnosis,pathological_t_category,T3e,,,,AJCC/UICC T3e Category,1634730,AJCC/UICC-T3e,Concept,Active,Inexact,Staging/Grading,Measurement,Cancer Modifier,,Justin Liu,,Review,
Primary Diagnosis,pathological_t_category,T4,,,,T4,45882493,LA3620-7,Concept,Active,Exact,Answer,Meas Value,LOINC,,Justin Liu,,Review,
Primary Diagnosis,pathological_t_category,T4a,,,,T4a,45881604,LA3619-9,Concept,Active,Exact,Answer,Meas Value,LOINC,,Justin Liu,,Review,
Primary Diagnosis,pathological_t_category,T4a(s),,,LOINC,T4a,45881604,LA3619-9,Concept,Active,Inexact,Answer,Meas Value,LOINC,Closest Parent,Justin Liu 4,,Review,Mapped to closest semantic parent after correspondence with Linda Xiang
Primary Diagnosis,pathological_t_category,T4a(m),,,LOINC,T4a,45881604,LA3619-9,Concept,Active,Inexact,Answer,Meas Value,LOINC,Closest Parent,Justin Liu 4,,Review,Mapped to closest semantic parent after correspondence with Linda Xiang
Primary Diagnosis,pathological_t_category,T4b,,,,T4b,45880976,LA3618-1,Concept,Active,Exact,Answer,Meas Value,LOINC,,Justin Liu,,Review,
Primary Diagnosis,pathological_t_category,T4b(s),,,LOINC,T4b,45880976,LA3618-1,Concept,Active,Inexact,Answer,Meas Value,LOINC,Closest Parent,Justin Liu 4,,Review,Mapped to closest semantic parent after correspondence with Linda Xiang
Primary Diagnosis,pathological_t_category,T4b(m),,,LOINC,T4b,45880976,LA3618-1,Concept,Active,Inexact,Answer,Meas Value,LOINC,Closest Parent,Justin Liu 4,,Review,Mapped to closest semantic parent after correspondence with Linda Xiang
Primary Diagnosis,pathological_t_category,T4c,,,,T4c,45881602,LA3617-3,Concept,Active,Exact,Answer,Meas Value,LOINC,,Justin Liu,,Review,
Primary Diagnosis,pathological_t_category,T4d,,,,T4d,45881601,LA3616-5,Concept,Active,Exact,Answer,Meas Value,LOINC,,Justin Liu,,Review,
Primary Diagnosis,pathological_t_category,T4e,,,,T4e,46237076,LA21811-7,Concept,Active,Exact,Answer,Meas Value,LOINC,,Justin Liu,,Review,
Primary Diagnosis,pathological_t_category,Ta,,,,Ta,45880106,LA3615-7,Concept,Active,Exact,Answer,Meas Value,LOINC,,Justin Liu,,Review,
Primary Diagnosis,pathological_t_category,Tis,,,,Tis,45878381,LA3608-2,Concept,Active,Exact,Answer,Meas Value,LOINC,,Justin Liu,,Review,
Primary Diagnosis,pathological_t_category,Tis(DCIS),,,LOINC,Tis,45878381,LA3608-2,Concept,Active,Inexact,Answer,Meas Value,LOINC,Closest Parent,Justin Liu 4,,Review,Mapped to closest semantic parent after correspondence with Linda Xiang
Primary Diagnosis,pathological_t_category,Tis(LAMN),,,LOINC,Tis,45878381,LA3608-2,Concept,Active,Inexact,Answer,Meas Value,LOINC,Closest Parent,Justin Liu 4,,Review,Mapped to closest semantic parent after correspondence with Linda Xiang
Primary Diagnosis,pathological_t_category,Tis(LCIS),,,LOINC,Tis,45878381,LA3608-2,Concept,Active,Inexact,Answer,Meas Value,LOINC,Closest Parent,Justin Liu 4,,Review,Mapped to closest semantic parent after correspondence with Linda Xiang
Primary Diagnosis,pathological_t_category,Tis(Paget),,,LOINC,Tis,45878381,LA3608-2,Concept,Active,Inexact,Answer,Meas Value,LOINC,Closest Parent,Justin Liu 4,,Review,Mapped to closest semantic parent after correspondence with Linda Xiang
Primary Diagnosis,pathological_t_category,Tis(Paget’s),,,LOINC,Tis,45878381,LA3608-2,Concept,Active,Inexact,Answer,Meas Value,LOINC,Closest Parent,Justin Liu 4,,Review,Mapped to closest semantic parent after correspondence with Linda Xiang
Primary Diagnosis,pathological_t_category,Tis pd,,,,Tumor stage Tis pd,4208960,313146009,Concept,Inactive,Inexact,Clinical Finding,Condition,SNOMED,,Justin Liu,,Review,
Primary Diagnosis,pathological_t_category,Tis pu,,,,Tis pu,45878385,LA4514-1,Concept,Active,Exact,Answer,Meas Value,LOINC,,Justin Liu,,Review,
Primary Diagnosis,pathological_t_category,TX,,,,TX,45880974,LA3601-7,Concept,Active,Exact,Answer,Meas Value,LOINC,,Justin Liu,,Review,
Primary Diagnosis,pathological_n_category,N0,,,,N0,45881617,LA4368-2,Concept,Active,Exact,Answer,Meas Value,LOINC,,Justin Liu,,Review,
Primary Diagnosis,pathological_n_category,N0a,,,,N0a,46237077,LA21818-2,Concept,Active,Exact,Answer,Meas Value,LOINC,,Justin Liu,,Review,
Primary Diagnosis,pathological_n_category,N0a (biopsy),,,LOINC,N0a,46237077,LA21818-2,Concept,Active,Inexact,Answer,Meas Value,LOINC,Closest Parent,Justin Liu 4,,Review,Mapped to closest semantic parent after correspondence with Linda Xiang
Primary Diagnosis,pathological_n_category,N0b,,,,N0b,46237070,LA21819-0,Concept,Active,Exact,Answer,Meas Value,LOINC,,Justin Liu,,Review,
Primary Diagnosis,pathological_n_category,N0b (no biopsy),,,LOINC,N0b,46237070,LA21819-0,Concept,Active,Inexact,Answer,Meas Value,LOINC,Closest Parent,Justin Liu 4,,Review,Mapped to closest semantic parent after correspondence with Linda Xiang
Primary Diagnosis,pathological_n_category,N0(i+),,,,N0I+,46237069,LA21815-8,Concept,Active,Inexact,Answer,Meas Value,LOINC,,Justin Liu,,Review,
Primary Diagnosis,pathological_n_category,N0(i-),,,,N0I-,46237083,LA21814-1,Concept,Active,Inexact,Answer,Meas Value,LOINC,,Justin Liu,,Review,
Primary Diagnosis,pathological_n_category,N0(mol+),,,LOINC,N0,45881617,LA4368-2,Concept,Active,Inexact,Answer,Meas Value,LOINC,Closest Parent,Justin Liu 4,,Review,Mapped to closest semantic parent after correspondence with Linda Xiang
Primary Diagnosis,pathological_n_category,N0(mol-),,,LOINC,N0,45881617,LA4368-2,Concept,Active,Inexact,Answer,Meas Value,LOINC,Closest Parent,Justin Liu 4,,Review,Mapped to closest semantic parent after correspondence with Linda Xiang
Primary Diagnosis,pathological_n_category,N1,,,,N1,45881613,LA4537-2,Concept,Active,Exact,Answer,Meas Value,LOINC,,Justin Liu,,Review,
Primary Diagnosis,pathological_n_category,N1a,,,,N1a,45880982,LA4264-3,Concept,Active,Exact,Answer,Meas Value,LOINC,,Justin Liu,,Review,
Primary Diagnosis,pathological_n_category,N1a(sn),,,LOINC,N1a,45880982,LA4264-3,Concept,Active,Inexact,Answer,Meas Value,LOINC,Closest Parent,Justin Liu 4,,Review,Mapped to closest semantic parent after correspondence with Linda Xiang
Primary Diagnosis,pathological_n_category,N1b,,,,N1b,45881615,LA4535-6,Concept,Active,Exact,Answer,Meas Value,LOINC,,Justin Liu,,Review,
Primary Diagnosis,pathological_n_category,N1c,,,,N1c,46237062,LA21866-1,Concept,Active,Exact,Answer,Meas Value,LOINC,,Justin Liu,,Review,
Primary Diagnosis,pathological_n_category,N1mi,,,,N1mi,46237472,LA21822-4,Concept,Active,Exact,Answer,Meas Value,LOINC,,Justin Liu,,Review,
Primary Diagnosis,pathological_n_category,N2,,,,N2,45881614,LA4534-9,Concept,Active,Exact,Answer,Meas Value,LOINC,,Justin Liu,,Review,
Primary Diagnosis,pathological_n_category,N2a,,,,N2a,45882498,LA4533-1,Concept,Active,Exact,Answer,Meas Value,LOINC,,Justin Liu,,Review,
Primary Diagnosis,pathological_n_category,N2b,,,,N2b,45880111,LA4517-4,Concept,Active,Exact,Answer,Meas Value,LOINC,,Justin Liu,,Review,
Primary Diagnosis,pathological_n_category,N2c,,,,N2c,45876321,LA4531-5,Concept,Active,Exact,Answer,Meas Value,LOINC,,Justin Liu,,Review,
Primary Diagnosis,pathological_n_category,N2mi,,,,AJCC/UICC N2mi Category,1633512,AJCC/UICC-N2mi,Concept,Active,Inexact,Staging/Grading,Measurement,Cancer Modifier,,Justin Liu,,Review,
Primary Diagnosis,pathological_n_category,N3,,,,N3,45882499,LA4545-5,Concept,Active,Exact,Answer,Meas Value,LOINC,,Justin Liu,,Review,
Primary Diagnosis,pathological_n_category,N3a,,,,N3a,45884288,LA4529-9,Concept,Active,Exact,Answer,Meas Value,LOINC,,Justin Liu,,Review,
Primary Diagnosis,pathological_n_category,N3b,,,,N3b,45878649,LA4528-1,Concept,Active,Exact,Answer,Meas Value,LOINC,,Justin Liu,,Review,
Primary Diagnosis,pathological_n_category,N3c,,,,N3c,45881616,LA4527-3,Concept,Active,Exact,Answer,Meas Value,LOINC,,Justin Liu,,Review,
Primary Diagnosis,pathological_n_category,N4,,,,N4,46237477,LA21874-5,Concept,Active,Exact,Answer,Meas Value,LOINC,,Justin Liu,,Review,
Primary Diagnosis,pathological_n_category,NX,,,,NX,45884289,LA4745-1,Concept,Active,Exact,Answer,Meas Value,LOINC,,Justin Liu,,Review,
Primary Diagnosis,pathological_m_category,M0,,,,M0,45878650,LA4629-7,Concept,Active,Exact,Answer,Meas Value,LOINC,,Justin Liu,,Review,
Primary Diagnosis,pathological_m_category,M0(i+),,,,M0I+,46237080,LA21876-0,Concept,Active,Inexact,Answer,Meas Value,LOINC,,Justin Liu,,Review,
Primary Diagnosis,pathological_m_category,M1,,,,M1,45876322,LA4628-9,Concept,Active,Exact,Answer,Meas Value,LOINC,,Justin Liu,,Review,
Primary Diagnosis,pathological_m_category,M1a,,,,M1A,45882500,LA4627-1,Concept,Active,Exact,Answer,Meas Value,LOINC,,Justin Liu,,Review,
Primary Diagnosis,pathological_m_category,M1a(0),,,LOINC,M1A,45882500,LA4627-1,Concept,Active,Inexact,Answer,Meas Value,LOINC,Closest Parent,Justin Liu 4,,Review,Mapped to closest semantic parent after correspondence with Linda Xiang
Primary Diagnosis,pathological_m_category,M1a(1),,,LOINC,M1A,45882500,LA4627-1,Concept,Active,Inexact,Answer,Meas Value,LOINC,Closest Parent,Justin Liu 4,,Review,Mapped to closest semantic parent after correspondence with Linda Xiang
Primary Diagnosis,pathological_m_category,M1b,,,,M1B,45881618,LA4626-3,Concept,Active,Exact,Answer,Meas Value,LOINC,,Justin Liu,,Review,
Primary Diagnosis,pathological_m_category,M1b(0),,,LOINC,M1B,45881618,LA4626-3,Concept,Active,Inexact,Answer,Meas Value,LOINC,Closest Parent,Justin Liu 4,,Review,Mapped to closest semantic parent after correspondence with Linda Xiang
Primary Diagnosis,pathological_m_category,M1b(1),,,LOINC,M1B,45881618,LA4626-3,Concept,Active,Inexact,Answer,Meas Value,LOINC,Closest Parent,Justin Liu 4,,Review,Mapped to closest semantic parent after correspondence with Linda Xiang
Primary Diagnosis,pathological_m_category,M1c,,,,M1C,45878386,LA4625-5,Concept,Active,Exact,Answer,Meas Value,LOINC,,Justin Liu,,Review,
Primary Diagnosis,pathological_m_category,M1c(0),,,LOINC,M1C,45878386,LA4625-5,Concept,Active,Inexact,Answer,Meas Value,LOINC,Closest Parent,Justin Liu 4,,Review,Mapped to closest semantic parent after correspondence with Linda Xiang
Primary Diagnosis,pathological_m_category,M1c(1),,,LOINC,M1C,45878386,LA4625-5,Concept,Active,Inexact,Answer,Meas Value,LOINC,Closest Parent,Justin Liu 4,,Review,Mapped to closest semantic parent after correspondence with Linda Xiang
Primary Diagnosis,pathological_m_category,M1d,,,,M1d,46237067,LA21877-8,Concept,Active,Exact,Answer,Meas Value,LOINC,,Justin Liu,,Review,
Primary Diagnosis,pathological_m_category,M1d(0),,,LOINC,M1d,46237067,LA21877-8,Concept,Active,Inexact,Answer,Meas Value,LOINC,Closest Parent,Justin Liu 4,,Review,Mapped to closest semantic parent after correspondence with Linda Xiang
Primary Diagnosis,pathological_m_category,M1d(1),,,LOINC,M1d,46237067,LA21877-8,Concept,Active,Inexact,Answer,Meas Value,LOINC,Closest Parent,Justin Liu 4,,Review,Mapped to closest semantic parent after correspondence with Linda Xiang
Primary Diagnosis,pathological_m_category,M1e,,,,M1e,46237075,LA21878-6,Concept,Active,Exact,Answer,Meas Value,LOINC,,Justin Liu,,Review,
Primary Diagnosis,pathological_m_category,MX,,,,MX,45876323,LA4544-8,Concept,Active,Exact,Answer,Meas Value,LOINC,,Justin Liu,,Review,
Primary Diagnosis,pathological_m_category,Not applicable,,,,Not applicable,4294169,385432009,Concept,Active,Exact,Qualifier Value,Meas Value,SNOMED,,Justin Liu,,Review,
Treatment,treatment_type,Bone marrow transplant,,,,Bone marrow transplant,40313626,149303000,Concept,Inactive,Exact,Procedure,Procedure,SNOMED,,Justin Liu 2,,Review,
Treatment,treatment_type,No treatment,,,,No Treatment,45880556,LA21213-6,Concept,Active,Exact,Answer,Meas Value,LOINC,,Justin Liu,,Review,
Treatment,treatment_type,Other,,,,Other,9177,74964007,Concept,Active,Exact,Qualifier Value,Meas Value,SNOMED,,Justin Liu,,Review,
Treatment,treatment_type,Photodynamic therapy,,,,Photodynamic therapy,4117979,257891001,Concept,Active,Exact,Procedure,Procedure,SNOMED,,Justin Liu,,Review,
Treatment,treatment_type,Radiation therapy,,,,Radiation therapy,1242725,1287742003,Synonym,Active,Exact,Procedure,Procedure,SNOMED,,Justin Liu,,Review,
Treatment,treatment_type,Stem cell transplant,,,,Stem cell transplant,37154552,1269349006,Concept,Active,Exact,Procedure,Procedure,SNOMED,,Justin Liu 2,,Review,
Treatment,treatment_type,Surgery,,,,Surgery,4301351,387713003,Synonym,Active,Exact,Procedure,Procedure,SNOMED,,Justin Liu,,Review,
Treatment,treatment_type,Systemic therapy,,,SNOMED,,,,,,No Match,,,,,,,Review,
Treatment,treatment_type,Targeted molecular therapy,,,SNOMED,,,,,,No Match,,,,,,,Review,
Treatment,is_primary_treatment,Yes,,,,Yes,4188539,373066001,Concept,Active,Exact,Qualifier Value,Meas Value,SNOMED,,Justin Liu,,Review,
Treatment,is_primary_treatment,No,,,,No,4188540,373067005,Concept,Active,Exact,Qualifier Value,Meas Value,SNOMED,,Justin Liu,,Review,
Treatment,is_primary_treatment,Not available,,,,Not available,45884396,LA7338-2,Concept,Active,Exact,Answer,Meas Value,LOINC,,Justin Liu,,Review,
Treatment,treatment_intent,Curative,,,,Curative - procedure intent,4162591,373808002,Concept,Active,Inexact,Qualifier Value,Meas Value,SNOMED,,Justin Liu 2,,Review,
Treatment,treatment_intent,Palliative,,,,Palliative intent,4179711,363676003,Concept,Active,Inexact,Qualifier Value,Meas Value,SNOMED,,Justin Liu 2,,Review,
Treatment,treatment_intent,Supportive,,,,Supportive - procedure intent,4161275,399707004,Concept,Active,Inexact,Qualifier Value,Meas Value,SNOMED,,Justin Liu 2,,Review,
Treatment,treatment_intent,Diagnostic,,,,Diagnostic intent,4129646,261004008,Concept,Active,Inexact,Qualifier Value,Meas Value,SNOMED,,Justin Liu,,Review,
Treatment,treatment_intent,Preventive,,,,Preventive intent,4044554,129428001,Concept,Active,Inexact,Qualifier Value,Meas Value,SNOMED,,Justin Liu 2,,Review,
Treatment,treatment_intent,Guidance,,,,Guidance intent,4324450,429892002,Concept,Active,Inexact,Qualifier Value,Meas Value,SNOMED,,Justin Liu 2,,Review,
Treatment,treatment_intent,Screening,,,,Screening intent,4234571,360156006,Concept,Active,Inexact,Qualifier Value,Meas Value,SNOMED,,Justin Liu 2,,Review,
Treatment,treatment_intent,Forensic,,,,Forensic intent,40491905,447295008,Concept,Active,Inexact,Qualifier Value,Meas Value,SNOMED,,Justin Liu 2,,Review,
Treatment,treatment_intent,Not available,,,,Not available,45884396,LA7338-2,Concept,Active,Exact,Answer,Meas Value,LOINC,,Justin Liu,,Review,
Treatment,response_to_treatment_criteria_method,RECIST 1.1,,,,,,,,,No Match,,,,,,,Review,
Treatment,response_to_treatment_criteria_method,iRECIST,,,,,,,,,No Match,,,,,,,Review,
Treatment,response_to_treatment_criteria_method,Cheson CLL 2012 Oncology Response Criteria,,,,,,,,,No Match,,,,,,,Review,
Treatment,response_to_treatment_criteria_method,Response Assessment in Neuro-Oncology (RANO),,,,,,,,,No Match,,,,,,,Review,
Treatment,response_to_treatment_criteria_method,AML Response Criteria,,,,,,,,,No Match,,,,,,,Review,
Treatment,response_to_treatment_criteria_method,Physician Assessed Response Criteria,,,,,,,,,No Match,,,,,,,Review,
Treatment,response_to_treatment_criteria_method,Blazer score,,,,,,,,,No Match,,,,,,,Review,
Treatment,response_to_treatment_criteria_method,Not available,,,,Not available,45884396,LA7338-2,Concept,Active,Exact,Answer,Meas Value,LOINC,,Justin Liu,,Review,
Treatment,response_to_treatment,Partial response,,,,Partial response,36309453,LA28369-9,Concept,Active,Exact,Answer,Meas Value,LOINC,,Justin Liu,,Review,
Treatment,response_to_treatment,Progressive disease,,,,Progressive disease,36308003,LA28370-7,Concept,Active,Exact,Answer,Meas Value,LOINC,,Justin Liu,,Review,
Treatment,response_to_treatment,Stable disease,,,,Stable disease,36309215,LA28371-5,Concept,Active,Exact,Answer,Meas Value,LOINC,,Justin Liu,,Review,
Treatment,response_to_treatment,Immune complete response (iCR),,,,Complete response,36309727,LA28366-5,Concept,Active,Inexact,Answer,Meas Value,LOINC,Closest Parent,Justin Liu 4,,Review,
Treatment,response_to_treatment,Immune partial response (iPR),,,,Partial response,36309453,LA28369-9,Concept,Active,Inexact,Answer,Meas Value,LOINC,Closest Parent,Justin Liu 4,,Review,
Treatment,response_to_treatment,Immune unconfirmed progressive disease (iUPD),,,,,,,,,No Match,,,,,,,Review,
Treatment,response_to_treatment,Immune confirmed progressive disease (iCPD),,,,,,,,,No Match,,,,,,,Review,
Treatment,response_to_treatment,Immune stable disease (iSD),,,,Stable disease,36309215,LA28371-5,Concept,Active,Inexact,Answer,Meas Value,LOINC,Closest Parent,Justin Liu 4,,Review,
Treatment,response_to_treatment,Complete remission,,,,Complete response,36309727,LA28366-5,Concept,Active,Inexact,Answer,Meas Value,LOINC,Manual,Justin Liu 4,,Review,
Treatment,response_to_treatment,Partial remission,,,,Partial response,36309453,LA28369-9,Concept,Active,Exact,Answer,Meas Value,LOINC,Manual,Justin Liu,,Review,
Treatment,response_to_treatment,Major response,,,,BCR-ABL1 p210 Major Molecular Response (MMR) [Presence] in Blood or Tissue by Molecular genetics method --post treatment,44786698,74041-5,Concept,Active,Inexact,Lab Test,Measurement,LOINC,,,,Review,
Treatment,response_to_treatment,Minor response,,,,,,,,,No Match,,,,,,,Review,
Treatment,response_to_treatment,Complete remission without measurable residual disease (CR MRD-),,,,Complete response,36309727,LA28366-5,Concept,Active,Inexact,Answer,Meas Value,LOINC,Closest Parent,Justin Liu 4,,Review,
Treatment,response_to_treatment,Complete remission with incomplete hematologic recovery (CRi),,,,Complete response,36309727,LA28366-5,Concept,Active,Inexact,Answer,Meas Value,LOINC,Closest Parent,Justin Liu 4,,Review,
Treatment,response_to_treatment,Morphologic leukemia-free state,,,,,,,,,No Match,,,,,,,Review,
Treatment,response_to_treatment,Primary refractory disease,,,,,,,,,No Match,,,,,,,Review,
Treatment,response_to_treatment,"Hematologic relapse (after CR MRD-, CR, CRi)",,,,,,,,,No Match,,,,,,,Review,
Treatment,response_to_treatment,Molecular relapse (after CR MRD-),,,,,,,,,No Match,,,,,,,Review,
Treatment,response_to_treatment,Physician assessed complete response,,,,Complete response,36309727,LA28366-5,Concept,Active,Inexact,Answer,Meas Value,LOINC,Closest Parent,Justin Liu 4,,Review,
Treatment,response_to_treatment,Physician assessed partial response,,,,Partial response,36309453,LA28369-9,Concept,Active,Inexact,Answer,Meas Value,LOINC,Closest Parent,Justin Liu 4,,Review,
Treatment,response_to_treatment,Physician assessed stable disease,,,,Stable disease,36309215,LA28371-5,Concept,Active,Inexact,Answer,Meas Value,LOINC,Closest Parent,Justin Liu 4,,Review,
Treatment,response_to_treatment,No evidence of disease (NED),,,,No Evidence of this Cancer,36310520,LA4566-1,Concept,Active,Inexact,Answer,Meas Value,LOINC,Manual,Justin Liu 4,,Review,
Treatment,response_to_treatment,Not available,,,,Not available,45884396,LA7338-2,Concept,Active,Exact,Answer,Meas Value,LOINC,,Justin Liu,,Review,
Treatment,status_of_treatment,Not available,,,,Not available,45884396,LA7338-2,Concept,Active,Exact,Answer,Meas Value,LOINC,,Justin Liu,,Review,
Treatment,status_of_treatment,Other,,,,Other,9177,74964007,Concept,Active,Exact,Qualifier Value,Meas Value,SNOMED,,Justin Liu,,Review,
Treatment,status_of_treatment,Patient choice (stopped or interrupted treatment),,,SNOMED,Procedure stopped,4191710,394908001,Concept,Active,Inexact,Context-dependent,Observation,SNOMED,Closest Parent,Justin Liu 4,,Review,
Treatment,status_of_treatment,Physician decision (stopped or interrupted treatment),,,SNOMED,Procedure stopped,4191710,394908001,Concept,Active,Inexact,Context-dependent,Observation,SNOMED,Closest Parent,Justin Liu 4,,Review,
Treatment,status_of_treatment,Treatment completed as prescribed,,,SNOMED,Treatment completed,4082735,182992009,Concept,Active,Inexact,Context-dependent,Observation,SNOMED,Closest Parent,Justin Liu 4,,Review,
Treatment,status_of_treatment,Treatment incomplete due to technical or organizational problems,,,SNOMED,Procedure not completed,4191710,394908001,Synonym,Active,Inexact,Context-dependent,Observation,SNOMED,Closest Parent,Justin Liu 4,,Review,
Treatment,status_of_treatment,Treatment incomplete because patient died,,,SNOMED,Procedure not completed,4191710,394908001,Synonym,Active,Inexact,Context-dependent,Observation,SNOMED,Closest Parent,Justin Liu 4,,Review,
Treatment,status_of_treatment,Treatment ongoing,,,SNOMED,,,,,,No Match,,,,Closest Parent,,,Review,
Treatment,status_of_treatment,Treatment stopped due to lack of efficacy (disease progression),,,SNOMED,Procedure stopped,4191710,394908001,Concept,Active,Inexact,Context-dependent,Observation,SNOMED,Closest Parent,Justin Liu 4,,Review,
Treatment,status_of_treatment,Treatment stopped due to acute toxicity,,,SNOMED,Procedure stopped,4191710,394908001,Concept,Active,Inexact,Context-dependent,Observation,SNOMED,Closest Parent,Justin Liu 4,,Review,
Systemic Therapy,systemic_therapy_type,Chemotherapy,,,,Chemotherapy,4273629,367336001,Concept,Active,Exact,Procedure,Procedure,SNOMED,,Justin Liu,,Review,
Systemic Therapy,systemic_therapy_type,Hormone therapy,,,,Hormone therapy,4061650,169413002,Concept,Active,Exact,Procedure,Procedure,SNOMED,,Justin Liu,,Review,
Systemic Therapy,systemic_therapy_type,Immunotherapy,,,,Immunotherapy,4295112,76334006,Synonym,Active,Exact,Procedure,Procedure,SNOMED,,Justin Liu,,Review,
Systemic Therapy,drug_reference_database,RxNorm,,,,RxNorm (NLM),44819104,OMOP generated,Concept,Active,Inexact,Vocabulary,Metadata,Vocabulary,,Justin Liu,,Review,
Systemic Therapy,drug_reference_database,PubChem,,,,,,,,,No Match,,,,,,,Review,
Systemic Therapy,drug_reference_database,NCI Thesaurus,,,,NCI Thesaurus (National Cancer Institute),32917,OMOP generated,Concept,Active,Inexact,Vocabulary,Metadata,Vocabulary,,Justin Liu,,Review,
Systemic Therapy,drug_dose_units,mg/m2,,,,mg/m2,4223319,404216004,Concept,Active,Exact,Qualifier Value,Unit,SNOMED,,Justin Liu,,Review,
Systemic Therapy,drug_dose_units,IU/m2,,,,IU/m2,4185926,414524001,Concept,Active,Exact,Qualifier Value,Unit,SNOMED,,Justin Liu,,Review,
Systemic Therapy,drug_dose_units,ug/m2,,,,ug/m2,4230598,404217008,Synonym,Active,Exact,Qualifier Value,Unit,SNOMED,,Justin Liu,,Review,
Systemic Therapy,drug_dose_units,g/m2,,,,g/m2,4262467,396168004,Concept,Active,Exact,Qualifier Value,Unit,SNOMED,,Justin Liu,,Review,
Systemic Therapy,drug_dose_units,mg/kg,,,,mg/kg,4245255,396163008,Concept,Active,Exact,Qualifier Value,Unit,SNOMED,,Justin Liu,,Review,
Systemic Therapy,drug_dose_units,IU/kg,,,,IU/kg,4117787,259007001,Concept,Active,Exact,Qualifier Value,Unit,SNOMED,,Justin Liu,,Review,
Systemic Therapy,drug_dose_units,mg,,,,mg,4122384,258684004,Concept,Active,Exact,Qualifier Value,Unit,SNOMED,,Justin Liu,,Review,
Systemic Therapy,drug_dose_units,Not available,,,,Not available,45884396,LA7338-2,Concept,Active,Exact,Answer,Meas Value,LOINC,,Justin Liu,,Review,
Radiation,radiation_therapy_modality,Megavoltage radiation therapy using photons (procedure),,,,Megavoltage radiation therapy using photons (procedure),40489482,448385000,Synonym,Active,Exact,Procedure,Procedure,SNOMED,,Justin Liu,,Review,
Radiation,radiation_therapy_modality,Teleradiotherapy using electrons (procedure),,,SNOMED,Teleradiotherapy using electrons,4165039,45643008,Synonym,Active,Inexact,Procedure,Procedure,SNOMED,Manual,Justin Liu 3,,Review,
Radiation,radiation_therapy_modality,Teleradiotherapy protons (procedure),,,SNOMED,Teleradiotherapy using photons,607996,1156506007,Synonym,Active,Inexact,Procedure,Procedure,SNOMED,Manual,Justin Liu 3,,Review,
Radiation,radiation_therapy_modality,Teleradiotherapy neutrons (procedure),,,SNOMED,Teleradiotherapy neutrons,4213601,80347004,Synonym,Active,Inexact,Procedure,Procedure,SNOMED,Manual,Justin Liu 3,,Review,
Radiation,radiation_therapy_modality,Brachytherapy (procedure),,,,Brachytherapy (procedure),40317890,152198000,Synonym,Active,Exact,Procedure,Procedure,SNOMED,,Justin Liu,,Review,
Radiation,radiation_therapy_modality,Radiopharmaceutical,,,SNOMED,,,,,,No Match,,,,,,,Review,
Radiation,radiation_therapy_modality,Other,,,,Other,9177,74964007,Concept,Active,Exact,Qualifier Value,Meas Value,SNOMED,,Justin Liu,,Review,
Radiation,radiation_therapy_modality,Not available,,,,Not available,45884396,LA7338-2,Concept,Active,Exact,Answer,Meas Value,LOINC,,Justin Liu,,Review,
Radiation,radiation_therapy_type,External,,,,External,4130085,261074009,Concept,Active,Exact,Qualifier Value,Observation,SNOMED,,Justin Liu,,Review,
Radiation,radiation_therapy_type,Internal,,,,Internal,4127806,260521003,Concept,Active,Exact,Qualifier Value,Observation,SNOMED,,Justin Liu,,Review,
Radiation,radiation_therapy_type,Not available,,,,Not available,45884396,LA7338-2,Concept,Active,Exact,Answer,Meas Value,LOINC,,Justin Liu,,Review,
Radiation,anatomical_site_irradiated,LEFT ABDOMEN,,,,Structure of left side of abdomen,4166246,416011007,Concept,Active,Inexact,Body Structure,Spec Anatomic Site,SNOMED,,Justin Liu 2,,Review,
Radiation,anatomical_site_irradiated,WHOLE ABDOMEN,,,,Entire abdomen,4120138,302553009,Concept,Active,Inexact,Body Structure,Spec Anatomic Site,SNOMED,,Justin Liu 2,,Review,
Radiation,anatomical_site_irradiated,RIGHT ABDOMEN,,,,Structure of right side of abdomen,4166718,415994006,Concept,Active,Inexact,Body Structure,Spec Anatomic Site,SNOMED,,Justin Liu 2,,Review,
Radiation,anatomical_site_irradiated,LOWER ABDOMEN,,,,Lower abdomen,4098444,27033000,Synonym,Active,Exact,Body Structure,Spec Anatomic Site,SNOMED,,Justin Liu,,Review,
Radiation,anatomical_site_irradiated,LEFT LOWER ABDOMEN,,,,Left lower quadrant of abdomen,4285903,68505006,Synonym,Active,Inexact,Body Structure,Spec Anatomic Site,SNOMED,,Justin Liu 2,,Review,
Radiation,anatomical_site_irradiated,RIGHT LOWER ABDOMEN,,,,Right lower quadrant of abdomen,4174976,48544008,Synonym,Active,Inexact,Body Structure,Spec Anatomic Site,SNOMED,,Justin Liu 2,,Review,
Radiation,anatomical_site_irradiated,UPPER ABDOMEN,,,,Upper abdomen,4213724,80581009,Synonym,Active,Exact,Body Structure,Spec Anatomic Site,SNOMED,,Justin Liu,,Review,
Radiation,anatomical_site_irradiated,LEFT UPPER ABDOMEN,,,,Left upper quadrant of abdomen,4314121,86367003,Synonym,Active,Inexact,Body Structure,Spec Anatomic Site,SNOMED,,Justin Liu 2,,Review,
Radiation,anatomical_site_irradiated,RIGHT UPPER ABDOMEN,,,,Right upper quadrant of abdomen,4196689,50519007,Synonym,Active,Inexact,Body Structure,Spec Anatomic Site,SNOMED,,Justin Liu 2,,Review,
Radiation,anatomical_site_irradiated,LEFT ADRENAL,,,"SNOMED,LOINC",Left adrenal gland,4001533,12003004,Synonym,Active,Inexact,Body Structure,Spec Anatomic Site,SNOMED,Closest Parent,Justin Liu 4,,Review,Mapped after correspondence with Linda Xiang
Radiation,anatomical_site_irradiated,RIGHT ADRENAL,,,"SNOMED,LOINC",Right adrenal gland,4105308,29392005,Synonym,Active,Inexact,Body Structure,Spec Anatomic Site,SNOMED,Closest Parent,Justin Liu 4,,Review,Mapped after correspondence with Linda Xiang
Radiation,anatomical_site_irradiated,BILATERAL ANKLE,,,,Both ankles,4321531,69948000,Concept,Active,Exact,Body Structure,Spec Anatomic Site,SNOMED,,Justin Liu 2,,Review,
Radiation,anatomical_site_irradiated,LEFT ANKLE,,,,Left ankle,4197824,51636004,Synonym,Active,Exact,Body Structure,Spec Anatomic Site,SNOMED,,Justin Liu,,Review,
Radiation,anatomical_site_irradiated,RIGHT ANKLE,,,,Right ankle,4283074,6685009,Synonym,Active,Exact,Body Structure,Spec Anatomic Site,SNOMED,,Justin Liu,,Review,
Radiation,anatomical_site_irradiated,BILATERAL ANTRUM (BULL'S EYE),,,"SNOMED,LOINC",,,,,,No Match,,,,,,,Review,What does this mean?
Radiation,anatomical_site_irradiated,LEFT ANTRUM,,,"SNOMED,LOINC",,,,,,No Match,,,,,,,Review,What does this mean?
Radiation,anatomical_site_irradiated,RIGHT ANTRUM,,,"SNOMED,LOINC",,,,,,No Match,,,,,,,Review,What does this mean?
Radiation,anatomical_site_irradiated,ANUS,,,,Anus,4202233,53505006,Synonym,Active,Exact,Body Structure,Spec Anatomic Site,SNOMED,,Justin Liu 2,,Review,
Radiation,anatomical_site_irradiated,LOWER LEFT ARM,,,"SNOMED,LOINC",Arm-lower-left,45881096,LA18757-7,Concept,Active,Inexact,Answer,Meas Value,LOINC,,Justin Liu 4,,Review,
Radiation,anatomical_site_irradiated,LOWER RIGHT ARM,,,"SNOMED,LOINC",Arm-lower-right,45881101,LA18758-5,Concept,Active,Inexact,Answer,Meas Value,LOINC,,Justin Liu 4,,Review,
Radiation,anatomical_site_irradiated,BILATERAL ARMS,,,,Both arms,4239690,69273007,Synonym,Active,Exact,Body Structure,Spec Anatomic Site,SNOMED,,Justin Liu 2,,Review,
Radiation,anatomical_site_irradiated,LEFT ARM,,,,Left arm,4283159,368208006,Synonym,Active,Exact,Body Structure,Spec Anatomic Site,SNOMED,,Justin Liu 2,,Review,
Radiation,anatomical_site_irradiated,RIGHT ARM,,,,Right arm,4274743,368209003,Synonym,Active,Exact,Body Structure,Spec Anatomic Site,SNOMED,,Justin Liu 2,,Review,
Radiation,anatomical_site_irradiated,UPPER LEFT ARM,,,,Left upper arm,4283159,368208006,Synonym,Active,Inexact,Body Structure,Spec Anatomic Site,SNOMED,,Justin Liu 2,,Review,
Radiation,anatomical_site_irradiated,UPPER RIGHT ARM,,,,Right upper arm,4274743,368209003,Synonym,Active,Inexact,Body Structure,Spec Anatomic Site,SNOMED,,Justin Liu 2,,Review,
Radiation,anatomical_site_irradiated,LEFT AXILLA,,,SNOMED,Left axillary region,4068737,20437008,Synonym,Active,Inexact,Body Structure,Spec Anatomic Site,SNOMED,,Justin Liu 3,,Review,
Radiation,anatomical_site_irradiated,RIGHT AXILLA,,,SNOMED,Right axillary region,4055882,19654004,Synonym,Active,Inexact,Body Structure,Spec Anatomic Site,SNOMED,,Justin Liu 3,,Review,
Radiation,anatomical_site_irradiated,SKIN OR SOFT TISSUE OF BACK,,,"SNOMED,LOINC",,,,,,No Match,,,,,,,Review,
Radiation,anatomical_site_irradiated,BILE DUCT,,,,Bile duct,4154158,28273000,Synonym,Active,Exact,Body Structure,Spec Anatomic Site,SNOMED,,Justin Liu 2,,Review,
Radiation,anatomical_site_irradiated,BLADDER,,,,Bladder,4232481,89837001,Synonym,Active,Exact,Body Structure,Spec Anatomic Site,SNOMED,,Justin Liu 2,,Review,
Radiation,anatomical_site_irradiated,LOWER BODY,,,,Lower body,4028235,128263001,Synonym,Active,Exact,Body Structure,Spec Anatomic Site,SNOMED,,Justin Liu,,Review,
Radiation,anatomical_site_irradiated,MIDDLE BODY,,,"SNOMED,LOINC",Torso,4042529,22943007,Synonym,Active,Inexact,Body Structure,Spec Anatomic Site,SNOMED,Closest Parent,Justin Liu 4,,Review,Mapped after correspondence with Linda Xiang
Radiation,anatomical_site_irradiated,UPPER BODY,,,,Upper body,4134141,128262006,Synonym,Active,Exact,Body Structure,Spec Anatomic Site,SNOMED,,Justin Liu,,Review,
Radiation,anatomical_site_irradiated,WHOLE BODY,,,,Entire total body,4242541,38266002,Synonym,Active,Exact,Body Structure,Spec Anatomic Site,SNOMED,,Justin Liu 2,,Review,
Radiation,anatomical_site_irradiated,BOOST - AREA PREVIOUSLY TREATED,,,"SNOMED,LOINC",,,,,,No Match,,,,,,,Review,
Radiation,anatomical_site_irradiated,BRAIN,,,,Brain,4133034,12738006,Synonym,Active,Exact,Body Structure,Spec Anatomic Site,SNOMED,,Justin Liu 2,,Review,
Radiation,anatomical_site_irradiated,LEFT BREAST BOOST,,,"SNOMED,LOINC",Left breast,4197399,80248007,Synonym,Active,Inexact,Body Structure,Spec Anatomic Site,SNOMED,Closest Parent,Justin Liu 4,,Review,
Radiation,anatomical_site_irradiated,RIGHT BREAST BOOST,,,"SNOMED,LOINC",Right breast,4248990,73056007,Synonym,Active,Inexact,Body Structure,Spec Anatomic Site,SNOMED,Closest Parent,Justin Liu 4,,Review,
Radiation,anatomical_site_irradiated,BILATERAL BREAST,,,,Both breasts,4273543,63762007,Concept,Active,Inexact,Body Structure,Spec Anatomic Site,SNOMED,,Justin Liu 2,,Review,
Radiation,anatomical_site_irradiated,LEFT BREAST,,,,Left breast,4197399,80248007,Synonym,Active,Exact,Body Structure,Spec Anatomic Site,SNOMED,,Justin Liu 2,,Review,
Radiation,anatomical_site_irradiated,RIGHT BREAST,,,,Right breast,4248990,73056007,Synonym,Active,Exact,Body Structure,Spec Anatomic Site,SNOMED,,Justin Liu 2,,Review,
Radiation,anatomical_site_irradiated,BILATERAL BREASTS WITH NODES,,,"SNOMED,LOINC",Both breasts,4273543,63762007,Concept,Active,Inexact,Body Structure,Spec Anatomic Site,SNOMED,Closest Parent,Justin Liu 4,,Review,
Radiation,anatomical_site_irradiated,LEFT BREAST WITH NODES,,,"SNOMED,LOINC",Left breast,4197399,80248007,Synonym,Active,Exact,Body Structure,Spec Anatomic Site,SNOMED,Closest Parent,Justin Liu 4,,Review,
Radiation,anatomical_site_irradiated,RIGHT BREAST WITH NODES,,,"SNOMED,LOINC",Right breast,4248990,73056007,Synonym,Active,Exact,Body Structure,Spec Anatomic Site,SNOMED,Closest Parent,Justin Liu 4,,Review,
Radiation,anatomical_site_irradiated,BILATERAL BUTTOCKS,,,,Entire buttock,4180330,362677002,Concept,Active,Exact,Body Structure,Spec Anatomic Site,SNOMED,,Justin Liu 2,,Review,
Radiation,anatomical_site_irradiated,LEFT BUTTOCK,,,,Left buttock,37119042,723979003,Synonym,Active,Exact,Body Structure,Spec Anatomic Site,SNOMED,,Justin Liu,,Review,
Radiation,anatomical_site_irradiated,RIGHT BUTTOCK,,,,Right buttock,37109983,723980000,Synonym,Active,Exact,Body Structure,Spec Anatomic Site,SNOMED,,Justin Liu,,Review,
Radiation,anatomical_site_irradiated,INNER CANTHUS,,,"SNOMED,LOINC",Medial canthus,4290537,70339009,Synonym,Active,Inexact,Body Structure,Spec Anatomic Site,SNOMED,Manual,Justin Liu 4,,Review,
Radiation,anatomical_site_irradiated,OUTER CANTHUS,,,"SNOMED,LOINC",Lateral canthus,4266218,61242005,Synonym,Active,Inexact,Body Structure,Spec Anatomic Site,SNOMED,Manual,Justin Liu 4,,Review,
Radiation,anatomical_site_irradiated,CERVIX,,,,Cervix,4325271,71252005,Synonym,Active,Exact,Body Structure,Spec Anatomic Site,SNOMED,,Justin Liu 2,,Review,
Radiation,anatomical_site_irradiated,BILATERAL CHEST LUNG & AREA INVOLVE,,,"SNOMED,LOINC",,,,,,No Match,,,,,,,Review,
Radiation,anatomical_site_irradiated,LEFT CHEST,,,SNOMED,Left chest structure,4236435,40768004,Synonym,Active,Inexact,Body Structure,Spec Anatomic Site,SNOMED,,Justin Liu 3,,Review,
Radiation,anatomical_site_irradiated,RIGHT CHEST,,,SNOMED,Right chest structure,4199133,51872008,Synonym,Active,Inexact,Body Structure,Spec Anatomic Site,SNOMED,,Justin Liu 3,,Review,
Radiation,anatomical_site_irradiated,CHIN,,,,Chin,4147228,30291003,Synonym,Active,Exact,Body Structure,Spec Anatomic Site,SNOMED,,Justin Liu,,Review,
Radiation,anatomical_site_irradiated,LEFT CHEEK,,,,Structure of left cheek,36695649,770923002,Concept,Active,Inexact,Body Structure,Spec Anatomic Site,SNOMED,,Justin Liu 2,,Review,
Radiation,anatomical_site_irradiated,RIGHT CHEEK,,,,Structure of right cheek,36695648,770922007,Concept,Active,Inexact,Body Structure,Spec Anatomic Site,SNOMED,,Justin Liu 2,,Review,
Radiation,anatomical_site_irradiated,BILATERAL CHEST WALL (W/O BREAST),,,"SNOMED,LOINC",Entire chest wall,4109932,181608004,Concept,Active,Inexact,Body Structure,Spec Anatomic Site,SNOMED,Closest Parent,Justin Liu 4,,Review,
Radiation,anatomical_site_irradiated,LEFT CHEST WALL,,,,Structure of left half of chest wall,36695706,771318003,Concept,Active,Inexact,Body Structure,Spec Anatomic Site,SNOMED,,Justin Liu 2,,Review,
Radiation,anatomical_site_irradiated,RIGHT CHEST WALL,,,,Structure of right half of chest wall,36695707,771319006,Concept,Active,Inexact,Body Structure,Spec Anatomic Site,SNOMED,,Justin Liu 2,,Review,
Radiation,anatomical_site_irradiated,BILATERAL CLAVICLE,,,"SNOMED,LOINC",Clavicle Bilateral,1176690,LP29907-0,Concept,Active,Inexact,LOINC System,Observation,LOINC,,Justin Liu 4,,Review,
Radiation,anatomical_site_irradiated,LEFT CLAVICLE,,,SNOMED,Bone structure of left clavicle,36717402,720617006,Concept,Active,Inexact,Body Structure,Spec Anatomic Site,SNOMED,,Justin Liu 3,,Review,
Radiation,anatomical_site_irradiated,RIGHT CLAVICLE,,,SNOMED,Bone structure of right clavicle,36715127,720616002,Concept,Active,Inexact,Body Structure,Spec Anatomic Site,SNOMED,,Justin Liu 3,,Review,
Radiation,anatomical_site_irradiated,COCCYX,,,,Coccyx,4132900,278915007,Synonym,Active,Exact,Body Structure,Spec Anatomic Site,SNOMED,,Justin Liu 2,,Review,
Radiation,anatomical_site_irradiated,COLON,,,,Colon,4215634,71854001,Synonym,Active,Exact,Body Structure,Spec Anatomic Site,SNOMED,,Justin Liu 2,,Review,
Radiation,anatomical_site_irradiated,WHOLE C.N.S. (MEDULLA TECHINQUE),,,"SNOMED,LOINC",Entire central nervous system,4082957,278199004,Concept,Active,Inexact,Body Structure,Spec Anatomic Site,SNOMED,Closest Parent,Justin Liu 4,,Review,
Radiation,anatomical_site_irradiated,CSF SPINE (MEDULL TECH 2 DIFF MACHI,,,"SNOMED,LOINC",Cerebrospinal fluid,4278997,65216001,Concept,Active,Inexact,Substance,Observation,SNOMED,Closest Parent,Justin Liu 4,,Review,
Radiation,anatomical_site_irradiated,LEFT CHESTWALL BOOST,,,"SNOMED,LOINC",Structure of left half of chest wall,36695706,771318003,Concept,Active,Inexact,Body Structure,Spec Anatomic Site,SNOMED,Closest Parent,Justin Liu 4,,Review,
Radiation,anatomical_site_irradiated,RIGHT CHESTWALL BOOST,,,"SNOMED,LOINC",Structure of right half of chest wall,36695707,771319006,Concept,Active,Inexact,Body Structure,Spec Anatomic Site,SNOMED,Closest Parent,Justin Liu 4,,Review,
Radiation,anatomical_site_irradiated,BILATERAL CHESTWALL WITH NODES,,,"SNOMED,LOINC",Entire chest wall,4109932,181608004,Concept,Active,Inexact,Body Structure,Spec Anatomic Site,SNOMED,Closest Parent,Justin Liu 4,,Review,
Radiation,anatomical_site_irradiated,LEFT CHESTWALL WITH NODES,,,"SNOMED,LOINC",Structure of left half of chest wall,36695706,771318003,Concept,Active,Inexact,Body Structure,Spec Anatomic Site,SNOMED,Closest Parent,Justin Liu 4,,Review,
Radiation,anatomical_site_irradiated,RIGHT CHESTWALL WITH NODES,,,"SNOMED,LOINC",Structure of right half of chest wall,36695707,771319006,Concept,Active,Inexact,Body Structure,Spec Anatomic Site,SNOMED,Closest Parent,Justin Liu 4,,Review,
Radiation,anatomical_site_irradiated,LEFT EAR,,,,Left ear,4233086,89644007,Synonym,Active,Exact,Body Structure,Spec Anatomic Site,SNOMED,,Justin Liu 2,,Review,
Radiation,anatomical_site_irradiated,RIGHT EAR,,,,Right ear,4103458,25577004,Synonym,Active,Exact,Body Structure,Spec Anatomic Site,SNOMED,,Justin Liu 2,,Review,
Radiation,anatomical_site_irradiated,EPIGASTRIUM,,,,Epigastrium,4101855,27947004,Synonym,Active,Exact,Body Structure,Spec Anatomic Site,SNOMED,,Justin Liu 2,,Review,
Radiation,anatomical_site_irradiated,LOWER ESOPHAGUS,,,SNOMED,Lower third of esophagus,4281852,67173009,Synonym,Active,Inexact,Body Structure,Spec Anatomic Site,SNOMED,,Justin Liu 3,,Review,
Radiation,anatomical_site_irradiated,MIDDLE ESOPHAGUS,,,SNOMED,Middle third of esophagus,4077602,19000002,Synonym,Active,Inexact,Body Structure,Spec Anatomic Site,SNOMED,,Justin Liu 3,,Review,
Radiation,anatomical_site_irradiated,UPPER ESOPHAGUS,,,SNOMED,Upper third of esophagus,4183397,54738009,Synonym,Active,Inexact,Body Structure,Spec Anatomic Site,SNOMED,,Justin Liu 3,,Review,
Radiation,anatomical_site_irradiated,ENTIRE ESOPHAGUS,,,,Entire esophagus,4112721,181245004,Concept,Active,Exact,Body Structure,Spec Anatomic Site,SNOMED,,Justin Liu,,Review,
Radiation,anatomical_site_irradiated,ETHMOID SINUS,,,,Ethmoid sinus,4182234,54215007,Synonym,Active,Exact,Body Structure,Spec Anatomic Site,SNOMED,,Justin Liu 2,,Review,
Radiation,anatomical_site_irradiated,BILATERAL EYES,,,,Bilateral eyes,4230443,40638003,Synonym,Active,Exact,Body Structure,Spec Anatomic Site,SNOMED,,Justin Liu,,Review,
Radiation,anatomical_site_irradiated,LEFT EYE,,,,Left eye,4232319,8966001,Synonym,Inactive,Exact,Body Structure,Spec Anatomic Site,SNOMED,,Justin Liu 2,,Review,
Radiation,anatomical_site_irradiated,RIGHT EYE,,,,Right eye,4078078,18944008,Synonym,Inactive,Exact,Body Structure,Spec Anatomic Site,SNOMED,,Justin Liu 2,,Review,
Radiation,anatomical_site_irradiated,BILATERAL FACE,,,,Entire face,4120135,302549007,Concept,Active,Inexact,Body Structure,Spec Anatomic Site,SNOMED,Manual,Justin Liu 2,,Review,
Radiation,anatomical_site_irradiated,LEFT FACE,,,,Left side of face,4309698,423781004,Synonym,Active,Inexact,Body Structure,Spec Anatomic Site,SNOMED,,Justin Liu 2,,Review,
Radiation,anatomical_site_irradiated,RIGHT FACE,,,,Right side of face,4309081,424431000,Synonym,Active,Inexact,Body Structure,Spec Anatomic Site,SNOMED,,Justin Liu 2,,Review,
Radiation,anatomical_site_irradiated,LEFT FALLOPIAN TUBES,,,,Left fallopian tube,4034043,113293009,Synonym,Active,Inexact,Body Structure,Spec Anatomic Site,SNOMED,Manual,Justin Liu 2,,Review,
Radiation,anatomical_site_irradiated,RIGHT FALLOPIAN TUBES,,,,Right fallopian tube,4067406,2033006,Synonym,Active,Inexact,Body Structure,Spec Anatomic Site,SNOMED,Manual,Justin Liu 2,,Review,
Radiation,anatomical_site_irradiated,BILATERAL FEMUR,,,"SNOMED,LOINC",Femur Bilateral,40792750,LP29973-2,Concept,Active,Inexact,LOINC System,Observation,LOINC,,Justin Liu 4,,Review,
Radiation,anatomical_site_irradiated,LEFT FEMUR,,,SNOMED,Structure of bone of left femur,36717353,722738000,Concept,Active,Inexact,Body Structure,Spec Anatomic Site,SNOMED,,Justin Liu 3,,Review,
Radiation,anatomical_site_irradiated,RIGHT FEMUR,,,SNOMED,Structure of bone of right femur,36717582,722739008,Concept,Active,Inexact,Body Structure,Spec Anatomic Site,SNOMED,,Justin Liu 3,,Review,
Radiation,anatomical_site_irradiated,LEFT FIBULA,,,,Left fibula,37110137,724231006,Synonym,Active,Exact,Body Structure,Spec Anatomic Site,SNOMED,,Justin Liu,,Review,
Radiation,anatomical_site_irradiated,RIGHT FIBULA,,,,Right fibula,37110136,724230007,Synonym,Active,Exact,Body Structure,Spec Anatomic Site,SNOMED,,Justin Liu,,Review,
Radiation,anatomical_site_irradiated,FINGER (INCLUDING THUMBS),,,SNOMED,Finger structure,4192373,7569003,Concept,Active,Inexact,Body Structure,Spec Anatomic Site,SNOMED,Manual,Justin Liu 3,,Review,
Radiation,anatomical_site_irradiated,FLOOR OF MOUTH (BOOSTS),,,"SNOMED,LOINC",Floor of mouth,4267224,36360002,Synonym,Active,Inexact,Body Structure,Spec Anatomic Site,SNOMED,Closest Parent,Justin Liu 4,,Review,
Radiation,anatomical_site_irradiated,BILATERAL FEET,,,,Both feet,4310112,8580001,Concept,Active,Inexact,Body Structure,Spec Anatomic Site,SNOMED,Manual,Justin Liu 2,,Review,
Radiation,anatomical_site_irradiated,LEFT FOOT,,,,Left foot,4320144,22335008,Synonym,Active,Exact,Body Structure,Spec Anatomic Site,SNOMED,,Justin Liu,,Review,
Radiation,anatomical_site_irradiated,RIGHT FOOT,,,,Right foot,4298982,7769000,Synonym,Active,Exact,Body Structure,Spec Anatomic Site,SNOMED,,Justin Liu,,Review,
Radiation,anatomical_site_irradiated,FOREHEAD,,,,Forehead,4203933,52795006,Synonym,Active,Exact,Body Structure,Spec Anatomic Site,SNOMED,,Justin Liu 2,,Review,
Radiation,anatomical_site_irradiated,POSTERIOR FOSSA,,,"SNOMED,LOINC",Posterior fossa of cranial cavity,4261980,35763008,Synonym,Active,Inexact,Body Structure,Spec Anatomic Site,SNOMED,Closest Parent,Justin Liu 4,,Review,Mapped after correspondence with Linda Xiang
Radiation,anatomical_site_irradiated,GALL BLADDER,,,,Gall bladder,4151384,28231008,Synonym,Active,Exact,Body Structure,Spec Anatomic Site,SNOMED,,Justin Liu,,Review,
Radiation,anatomical_site_irradiated,GINGIVA,,,,Gingiva,4034272,113279002,Synonym,Active,Exact,Body Structure,Spec Anatomic Site,SNOMED,,Justin Liu 2,,Review,
Radiation,anatomical_site_irradiated,BILATERAL HAND,,,,Both hands,4027256,12861001,Concept,Active,Inexact,Body Structure,Spec Anatomic Site,SNOMED,Manual,Justin Liu 2,,Review,
Radiation,anatomical_site_irradiated,LEFT HAND,,,,Left hand,4309650,85151006,Synonym,Active,Exact,Body Structure,Spec Anatomic Site,SNOMED,,Justin Liu,,Review,
Radiation,anatomical_site_irradiated,RIGHT HAND,,,,Right hand,4302584,78791008,Synonym,Active,Exact,Body Structure,Spec Anatomic Site,SNOMED,,Justin Liu,,Review,
Radiation,anatomical_site_irradiated,HEAD,,,,Head,4287390,69536005,Synonym,Active,Exact,Body Structure,Spec Anatomic Site,SNOMED,,Justin Liu 2,,Review,
Radiation,anatomical_site_irradiated,BILATERAL HEEL,,,"SNOMED,LOINC",,,,,,No Match,,,,,,,Review,
Radiation,anatomical_site_irradiated,LEFT HEEL,,,,Left heel structure,37109764,723606006,Concept,Active,Inexact,Body Structure,Spec Anatomic Site,SNOMED,,Justin Liu 2,,Review,
Radiation,anatomical_site_irradiated,RIGHT HEEL,,,,Right heel structure,37109765,723607002,Concept,Active,Inexact,Body Structure,Spec Anatomic Site,SNOMED,,Justin Liu 2,,Review,
Radiation,anatomical_site_irradiated,LEFT HEMIMANTLE,,,"SNOMED,LOINC",,,,,,No Match,,,,,,,Review,What does this mean?
Radiation,anatomical_site_irradiated,RIGHT HEMIMANTLE,,,"SNOMED,LOINC",,,,,,No Match,,,,,,,Review,What does this mean?
Radiation,anatomical_site_irradiated,HEART,,,,Heart,4217142,80891009,Synonym,Active,Exact,Body Structure,Spec Anatomic Site,SNOMED,,Justin Liu 2,,Review,
Radiation,anatomical_site_irradiated,BILATERAL HIP,,,SNOMED,Bilateral hip joint,4137089,304909008,Concept,Active,Inexact,Body Structure,Spec Anatomic Site,SNOMED,,Justin Liu 3,,Review,
Radiation,anatomical_site_irradiated,LEFT HIP,,,,Left hip,4119913,287679003,Synonym,Active,Exact,Body Structure,Spec Anatomic Site,SNOMED,,Justin Liu,,Review,
Radiation,anatomical_site_irradiated,RIGHT HIP,,,,Right hip,4119892,287579007,Synonym,Active,Exact,Body Structure,Spec Anatomic Site,SNOMED,,Justin Liu,,Review,
Radiation,anatomical_site_irradiated,LEFT HUMERUS,,,,Bone structure of left humerus,36714295,719460003,Concept,Active,Inexact,Body Structure,Spec Anatomic Site,SNOMED,,Justin Liu 2,,Review,
Radiation,anatomical_site_irradiated,RIGHT HUMERUS,,,,Bone structure of right humerus,36714296,719461004,Concept,Active,Inexact,Body Structure,Spec Anatomic Site,SNOMED,,Justin Liu 2,,Review,
Radiation,anatomical_site_irradiated,HYPOPHARYNX,,,,Hypopharynx,4218592,81502006,Synonym,Active,Exact,Body Structure,Spec Anatomic Site,SNOMED,,Justin Liu 2,,Review,
Radiation,anatomical_site_irradiated,BILATERAL INTERNAL MAMMARY CHAIN,,,"SNOMED,LOINC",,,,,,No Match,,,,,,,Review,
Radiation,anatomical_site_irradiated,BILATERAL INGUINAL NODES,,,,Bilateral Inguinal Lymph Nodes,36769793,OMOP4999471,Concept,Active,Inexact,Nodes,Measurement,Cancer Modifier,,Justin Liu 2,,Review,
Radiation,anatomical_site_irradiated,LEFT INGUINAL NODES,,,"SNOMED,LOINC",Left inguinal Lymph Nodes,36769815,OMOP4999493,Concept,Active,Inexact,Nodes,Measurement,Cancer Modifier,Manual,Justin Liu 4,,Review,
Radiation,anatomical_site_irradiated,RIGHT INGUINAL NODES,,,"SNOMED,LOINC",Right inguinal Lymph Nodes,36769506,OMOP4999183,Concept,Active,Inexact,Nodes,Measurement,Cancer Modifier,Manual,Justin Liu 4,,Review,
Radiation,anatomical_site_irradiated,"INVERTED 'Y' (DOG-LEG,HOCKEY-STICK)",,,"SNOMED,LOINC",,,,,,No Match,,,,,,,Review,
Radiation,anatomical_site_irradiated,LEFT KIDNEY,,,,Left kidney,4088232,18639004,Synonym,Active,Exact,Body Structure,Spec Anatomic Site,SNOMED,,Justin Liu,,Review,
Radiation,anatomical_site_irradiated,RIGHT KIDNEY,,,,Right kidney,4321753,9846003,Synonym,Active,Exact,Body Structure,Spec Anatomic Site,SNOMED,,Justin Liu,,Review,
Radiation,anatomical_site_irradiated,BILATERAL KNEE,,,SNOMED,Both knees,4280574,36701003,Concept,Active,Exact,Body Structure,Spec Anatomic Site,SNOMED,Manual,Justin Liu 3,,Review,
Radiation,anatomical_site_irradiated,LEFT KNEE,,,,Left knee,4220204,82169009,Synonym,Active,Exact,Body Structure,Spec Anatomic Site,SNOMED,,Justin Liu,,Review,
Radiation,anatomical_site_irradiated,RIGHT KNEE,,,,Right knee,4285878,6757004,Synonym,Active,Exact,Body Structure,Spec Anatomic Site,SNOMED,,Justin Liu,,Review,
Radiation,anatomical_site_irradiated,BILATERAL LACRIMAL GLAND,,,,Both lacrimal glands,4148463,30641009,Concept,Active,Inexact,Body Structure,Spec Anatomic Site,SNOMED,Manual,Justin Liu 2,,Review,
Radiation,anatomical_site_irradiated,LEFT LACRIMAL GLAND,,,,Left lacrimal gland,4215006,80984007,Synonym,Active,Exact,Body Structure,Spec Anatomic Site,SNOMED,,Justin Liu 2,,Review,
Radiation,anatomical_site_irradiated,RIGHT LACRIMAL GLAND,,,,Right lacrimal gland,4077889,18855009,Synonym,Active,Exact,Body Structure,Spec Anatomic Site,SNOMED,,Justin Liu 2,,Review,
Radiation,anatomical_site_irradiated,LARYGOPHARYNX,,,SNOMED,Laryngopharynx,4218592,81502006,Synonym,Active,Inexact,Body Structure,Spec Anatomic Site,SNOMED,Manual,Justin Liu 3,,Review,
Radiation,anatomical_site_irradiated,LARYNX,,,,Larynx,4262229,4596009,Synonym,Active,Exact,Body Structure,Spec Anatomic Site,SNOMED,,Justin Liu 2,,Review,
Radiation,anatomical_site_irradiated,BILATERAL LEG,,,,Both legs,4164952,40927001,Synonym,Active,Inexact,Body Structure,Spec Anatomic Site,SNOMED,Manual,Justin Liu 2,,Review,
Radiation,anatomical_site_irradiated,LEFT LEG,,,,Left leg,4136825,32153003,Synonym,Active,Exact,Body Structure,Spec Anatomic Site,SNOMED,,Justin Liu,,Review,
Radiation,anatomical_site_irradiated,RIGHT LEG,,,,Right leg,4268743,62175007,Synonym,Active,Exact,Body Structure,Spec Anatomic Site,SNOMED,,Justin Liu,,Review,
Radiation,anatomical_site_irradiated,LOWER BILATERAL LEG,,,"SNOMED,LOINC",Lower leg Bilateral,36307441,LP35051-9,Concept,Active,Inexact,LOINC System,Observation,LOINC,,Justin Liu 4,,Review,
Radiation,anatomical_site_irradiated,LOWER LEFT LEG,,,,Left lower leg,4169248,48979004,Synonym,Active,Inexact,Body Structure,Spec Anatomic Site,SNOMED,,Justin Liu 2,,Review,
Radiation,anatomical_site_irradiated,LOWER RIGHT LEG,,,,Right lower leg,4138674,32696007,Synonym,Active,Inexact,Body Structure,Spec Anatomic Site,SNOMED,,Justin Liu 2,,Review,
Radiation,anatomical_site_irradiated,UPPER BILATERAL LEG,,,"SNOMED,LOINC",,,,,,No Match,,,,,,,Review,
Radiation,anatomical_site_irradiated,UPPER LEFT LEG,,,"SNOMED,LOINC",Leg-upper-left,45883323,LA18772-6,Concept,Active,Inexact,Answer,Meas Value,LOINC,,Justin Liu 4,,Review,
Radiation,anatomical_site_irradiated,UPPER RIGHT LEG,,,"SNOMED,LOINC",Leg-upper-right,45880437,LA18771-8,Concept,Active,Inexact,Answer,Meas Value,LOINC,,Justin Liu 4,,Review,
Radiation,anatomical_site_irradiated,BOTH EYELID(S),,,"SNOMED,LOINC",Eyelid structure,4196657,80243003,Concept,Active,Exact,Body Structure,Spec Anatomic Site,SNOMED,Manual,Justin Liu 4,,Review,
Radiation,anatomical_site_irradiated,LEFT EYELID,,,"SNOMED,LOINC",Structure of left eyelid,36715400,721065004,Concept,Active,Inexact,Body Structure,Spec Anatomic Site,SNOMED,,Justin Liu 4,,Review,
Radiation,anatomical_site_irradiated,RIGHT EYELID,,,"SNOMED,LOINC",Structure of right eyelid,36715401,721066003,Concept,Active,Inexact,Body Structure,Spec Anatomic Site,SNOMED,,Justin Liu 4,,Review,
Radiation,anatomical_site_irradiated,BOTH LIP(S),,,SNOMED,Both lips,4215032,81083006,Concept,Active,Inexact,Body Structure,Spec Anatomic Site,SNOMED,,Justin Liu 3,,Review,
Radiation,anatomical_site_irradiated,LOWER LIP,,,,Lower lip,4135698,32032005,Synonym,Active,Exact,Body Structure,Spec Anatomic Site,SNOMED,,Justin Liu,,Review,
Radiation,anatomical_site_irradiated,UPPER LIP,,,,Upper lip,4022155,11681001,Synonym,Active,Exact,Body Structure,Spec Anatomic Site,SNOMED,,Justin Liu,,Review,
Radiation,anatomical_site_irradiated,LIVER,,,SNOMED,Liver,4009105,10200004,Synonym,Active,Exact,Body Structure,Spec Anatomic Site,SNOMED,,Justin Liu 3,,Review,
Radiation,anatomical_site_irradiated,BILATERAL LUNG,,,SNOMED,Both lungs,4250192,74101002,Concept,Active,Inexact,Body Structure,Spec Anatomic Site,SNOMED,Manual,Justin Liu 3,,Review,
Radiation,anatomical_site_irradiated,LEFT LUNG,,,SNOMED,Left lung,4195613,44029006,Synonym,Active,Exact,Body Structure,Spec Anatomic Site,SNOMED,,Justin Liu 3,,Review,
Radiation,anatomical_site_irradiated,RIGHT LUNG,,,SNOMED,Right lung,4141610,3341006,Synonym,Active,Exact,Body Structure,Spec Anatomic Site,SNOMED,,Justin Liu 3,,Review,
Radiation,anatomical_site_irradiated,BILATERAL MANDIBLE,,,"SNOMED,LOINC",Mandible - bilateral,3968261,LP436572-4,Concept,Active,Inexact,LOINC System,Observation,LOINC,,Justin Liu 4,,Review,
Radiation,anatomical_site_irradiated,LEFT MANDIBLE,,,"SNOMED,LOINC",Mandible Left,1027660,LP36544-2,Concept,Inactive,Inexact,LOINC System,Observation,LOINC,,Justin Liu 4,,Review,
Radiation,anatomical_site_irradiated,RIGHT MANDIBLE,,,"SNOMED,LOINC",Mandible Right,1027659,LP36543-4,Concept,Inactive,Inexact,LOINC System,Observation,LOINC,,Justin Liu 4,,Review,
Radiation,anatomical_site_irradiated,MANTLE,,,,Mantle,45878525,LA4620-6,Concept,Active,Exact,Answer,Meas Value,LOINC,,Justin Liu,,Review,
Radiation,anatomical_site_irradiated,BILATERAL MAXILLA,,,"SNOMED,LOINC",Entire maxilla,4057716,181813003,Concept,Active,Inexact,Body Structure,Spec Anatomic Site,SNOMED,Manual,Justin Liu 4,,Review,
Radiation,anatomical_site_irradiated,LEFT MAXILLA,,,SNOMED,Bone structure of left maxilla,36695852,773937007,Concept,Active,Inexact,Body Structure,Spec Anatomic Site,SNOMED,,Justin Liu 3,,Review,
Radiation,anatomical_site_irradiated,RIGHT MAXILLA,,,SNOMED,Bone structure of right maxilla,36695851,773936003,Concept,Active,Inexact,Body Structure,Spec Anatomic Site,SNOMED,,Justin Liu 3,,Review,
Radiation,anatomical_site_irradiated,MEDIASTINUM,,,SNOMED,Mediastinum,4216544,72410000,Synonym,Active,Exact,Body Structure,Spec Anatomic Site,SNOMED,,Justin Liu 3,,Review,
Radiation,anatomical_site_irradiated,MULTIPLE SKIN,,,"SNOMED,LOINC",Multiple skin tags,4301418,403857009,Concept,Active,Inexact*,Disorder,Condition,SNOMED,,,,Review,What does this mean?
Radiation,anatomical_site_irradiated,NASAL FOSSA,,,"SNOMED,LOINC",Nasal fossae,4204993,53912006,Synonym,Active,Inexact,Body Structure,Spec Anatomic Site,SNOMED,Manual,Justin Liu 4,,Review,
Radiation,anatomical_site_irradiated,NASOPHARYNX,,,SNOMED,Nasopharynx,4216712,71836000,Synonym,Active,Exact,Body Structure,Spec Anatomic Site,SNOMED,,Justin Liu 3,,Review,
Radiation,anatomical_site_irradiated,BILATERAL NECK INCLUDES NODES,,,"SNOMED,LOINC",Entire neck (body structure),4120136,302550007,Synonym,Active,Inexact,Body Structure,Spec Anatomic Site,SNOMED,Closest Parent,Justin Liu 4,,Review,
Radiation,anatomical_site_irradiated,LEFT NECK INCLUDES NODES,,,"SNOMED,LOINC",Structure of left half of neck,4015940,170583000,Concept,Active,Inexact,Body Structure,Spec Anatomic Site,SNOMED,Closest Parent,Justin Liu 4,,Review,
Radiation,anatomical_site_irradiated,RIGHT NECK INCLUDES NODES,,,"SNOMED,LOINC",Structure of right half of neck,4014996,170303002,Concept,Active,Inexact,Body Structure,Spec Anatomic Site,SNOMED,Closest Parent,Justin Liu 4,,Review,
Radiation,anatomical_site_irradiated,NECK - SKIN,,,"SNOMED,LOINC",Skin structure of neck,4182739,43081002,Concept,Active,Inexact,Body Structure,Spec Anatomic Site,SNOMED,,Justin Liu 4,,Review,
Radiation,anatomical_site_irradiated,NOSE,,,SNOMED,Nose,4164276,45206002,Synonym,Active,Exact,Body Structure,Spec Anatomic Site,SNOMED,,Justin Liu 3,,Review,
Radiation,anatomical_site_irradiated,ORAL CAVITY / BUCCAL MUCOSA,,,"SNOMED,LOINC",Buccal mucosa,4057160,16811007,Concept,Active,Inexact,Body Structure,Spec Anatomic Site,SNOMED,,Justin Liu 4,,Review,
Radiation,anatomical_site_irradiated,BILATERAL ORBIT,,,"SNOMED,LOINC",Orbit Bilateral,40782993,LP33485-1,Concept,Active,Inexact,LOINC System,Observation,LOINC,,Justin Liu 4,,Review,
Radiation,anatomical_site_irradiated,LEFT ORBIT,,,SNOMED,Bone structure of left orbit,36695847,773932001,Concept,Active,Inexact,Body Structure,Spec Anatomic Site,SNOMED,,Justin Liu 3,,Review,
Radiation,anatomical_site_irradiated,RIGHT ORBIT,,,SNOMED,Bone structure of right orbit,36695848,773933006,Concept,Active,Inexact,Body Structure,Spec Anatomic Site,SNOMED,,Justin Liu 3,,Review,
Radiation,anatomical_site_irradiated,OROPHARYNX,,,SNOMED,Oropharynx,4151149,31389004,Synonym,Active,Exact,Body Structure,Spec Anatomic Site,SNOMED,,Justin Liu 3,,Review,
Radiation,anatomical_site_irradiated,BILATERAL OVARY,,,SNOMED,Both ovaries,4307218,83238006,Concept,Active,Inexact,Body Structure,Spec Anatomic Site,SNOMED,Manual,Justin Liu 3,,Review,
Radiation,anatomical_site_irradiated,LEFT OVARY,,,SNOMED,Left ovary,4185266,43981004,Synonym,Active,Exact,Body Structure,Spec Anatomic Site,SNOMED,,Justin Liu 3,,Review,
Radiation,anatomical_site_irradiated,RIGHT OVARY,,,SNOMED,Right ovary,4049643,20837000,Synonym,Active,Exact,Body Structure,Spec Anatomic Site,SNOMED,,Justin Liu 3,,Review,
Radiation,anatomical_site_irradiated,HARD PALATE,,,SNOMED,Hard palate,4234542,90228003,Synonym,Active,Exact,Body Structure,Spec Anatomic Site,SNOMED,,Justin Liu 3,,Review,
Radiation,anatomical_site_irradiated,SOFT PALATE,,,SNOMED,Soft palate,4177005,49460000,Synonym,Active,Exact,Body Structure,Spec Anatomic Site,SNOMED,,Justin Liu 3,,Review,
Radiation,anatomical_site_irradiated,PALATE UNSPECIFIED,,,"SNOMED,LOINC","Palate, NOS",44498047,C05.9,Concept,Active,Inexact,ICDO Topography,Spec Anatomic Site,ICDO3,Manual,Justin Liu 4,,Review,
Radiation,anatomical_site_irradiated,PANCREAS,,,SNOMED,Pancreas,4049768,15776009,Synonym,Active,Exact,Body Structure,Spec Anatomic Site,SNOMED,,Justin Liu 3,,Review,
Radiation,anatomical_site_irradiated,PARA-AORTIC NODES,,,,Para-aortic nodes,4075248,245285004,Synonym,Active,Exact,Body Structure,Spec Anatomic Site,SNOMED,,Justin Liu,,Review,
Radiation,anatomical_site_irradiated,LEFT PAROTID,,,"SNOMED,LOINC",Left parotid gland,4195758,44178003,Synonym,Active,Inexact,Body Structure,Spec Anatomic Site,SNOMED,Closest Parent,Justin Liu 4,,Review,Mapped after correspondence with Linda Xiang
Radiation,anatomical_site_irradiated,RIGHT PAROTID,,,"SNOMED,LOINC",Right parotid gland,4312075,85706002,Synonym,Active,Inexact,Body Structure,Spec Anatomic Site,SNOMED,Closest Parent,Justin Liu 4,,Review,Mapped after correspondence with Linda Xiang
Radiation,anatomical_site_irradiated,BILATERAL PELVIS,,,"SNOMED,LOINC",Structure of pelvis,4044034,12921003,Synonym,Active,Inexact,Body Structure,Spec Anatomic Site,SNOMED,Closest Parent,Justin Liu 4,,Review,
Radiation,anatomical_site_irradiated,LEFT PELVIS,,,SNOMED,Structure of left half of pelvis,37157314,1204373005,Concept,Active,Inexact,Body Structure,Spec Anatomic Site,SNOMED,,Justin Liu 3,,Review,
Radiation,anatomical_site_irradiated,RIGHT PELVIS,,,SNOMED,Structure of right half of pelvis,37152956,1204374004,Concept,Active,Inexact,Body Structure,Spec Anatomic Site,SNOMED,,Justin Liu 3,,Review,
Radiation,anatomical_site_irradiated,PENIS,,,SNOMED,Penis,4077311,18911002,Synonym,Active,Exact,Body Structure,Spec Anatomic Site,SNOMED,,Justin Liu 3,,Review,
Radiation,anatomical_site_irradiated,PERINEUM,,,,Perineum,4304791,38864007,Synonym,Active,Exact,Body Structure,Spec Anatomic Site,SNOMED,,Justin Liu,,Review,
Radiation,anatomical_site_irradiated,PITUITARY,,,"SNOMED,LOINC",Pituitary gland,4209428,56329008,Synonym,Active,Inexact,Body Structure,Spec Anatomic Site,SNOMED,Closest Parent,Justin Liu 4,,Review,Mapped after correspondence with Linda Xiang
Radiation,anatomical_site_irradiated,LEFT PLEURA (AS IN MESOTHELIOMA),,,SNOMED,Left pleura structure,4201871,53727004,Concept,Active,Inexact,Body Structure,Spec Anatomic Site,SNOMED,Manual,Justin Liu 3,,Review,
Radiation,anatomical_site_irradiated,RIGHT PLEURA,,,,Right pleura,4264364,44788007,Synonym,Active,Exact,Body Structure,Spec Anatomic Site,SNOMED,,Justin Liu,,Review,
Radiation,anatomical_site_irradiated,PROSTATE,,,SNOMED,Prostate,4165732,41216001,Synonym,Active,Exact,Body Structure,Spec Anatomic Site,SNOMED,,Justin Liu 3,,Review,
Radiation,anatomical_site_irradiated,PUBIS,,,SNOMED,Pubis,4278089,66040006,Synonym,Active,Exact,Body Structure,Spec Anatomic Site,SNOMED,,Justin Liu 3,,Review,
Radiation,anatomical_site_irradiated,PYRIFORM FOSSA (SINUSES),,,SNOMED,Piriform fossa,4268741,6217003,Synonym,Active,Inexact,Body Structure,Spec Anatomic Site,SNOMED,Manual,Justin Liu 3,,Review,
Radiation,anatomical_site_irradiated,LEFT RADIUS,,,SNOMED,Bone structure of left radius,36714299,719464007,Concept,Active,Inexact,Body Structure,Spec Anatomic Site,SNOMED,,Justin Liu 3,,Review,
Radiation,anatomical_site_irradiated,RIGHT RADIUS,,,SNOMED,Bone structure of right radius,36714300,719465008,Concept,Active,Inexact,Body Structure,Spec Anatomic Site,SNOMED,,Justin Liu 3,,Review,
Radiation,anatomical_site_irradiated,RECTUM (INCLUDES SIGMOID),,,"SNOMED,LOINC",Rectum and sigmoid colon,4218247,81922002,Synonym,Active,Inexact,Body Structure,Spec Anatomic Site,SNOMED,Closest Parent,Justin Liu 4,,Review,Mapped after correspondence with Linda Xiang
Radiation,anatomical_site_irradiated,LEFT RIBS,,,SNOMED,Bone structure of left rib,37110130,724223001,Concept,Active,Inexact,Body Structure,Spec Anatomic Site,SNOMED,Manual,Justin Liu 3,,Review,
Radiation,anatomical_site_irradiated,RIGHT RIBS,,,SNOMED,Bone structure of right rib,37110128,724221004,Concept,Active,Inexact,Body Structure,Spec Anatomic Site,SNOMED,Manual,Justin Liu 3,,Review,
Radiation,anatomical_site_irradiated,SACRUM,,,SNOMED,Sacrum,44783588,699698002,Synonym,Active,Exact,Body Structure,Spec Anatomic Site,SNOMED,,Justin Liu 3,,Review,
Radiation,anatomical_site_irradiated,LEFT SALIVARY GLAND,,,,Left salivary gland,37117812,725037009,Synonym,Active,Exact,Body Structure,Spec Anatomic Site,SNOMED,,Justin Liu,,Review,
Radiation,anatomical_site_irradiated,RIGHT SALIVARY GLAND,,,,Right salivary gland,37110715,725038004,Synonym,Active,Exact,Body Structure,Spec Anatomic Site,SNOMED,,Justin Liu,,Review,
Radiation,anatomical_site_irradiated,BILATERAL SCAPULA,,,"SNOMED,LOINC",Scapula Bilateral,42530068,LP30262-7,Concept,Active,Inexact,LOINC System,Observation,LOINC,,Justin Liu 4,,Review,
Radiation,anatomical_site_irradiated,LEFT SCAPULA,,,SNOMED,Bone structure of left scapula,36717739,719627005,Concept,Active,Inexact,Body Structure,Spec Anatomic Site,SNOMED,,Justin Liu 3,,Review,
Radiation,anatomical_site_irradiated,RIGHT SCAPULA,,,SNOMED,Bone structure of right scapula,36714414,719628000,Concept,Active,Inexact,Body Structure,Spec Anatomic Site,SNOMED,,Justin Liu 3,,Review,
Radiation,anatomical_site_irradiated,BILATERAL SUPRACLAVICULAR NODES,,,"SNOMED,LOINC",Supraclavicular lymph nodes,4075241,245265003,Synonym,Active,Inexact,Body Structure,Spec Anatomic Site,SNOMED,Manual,Justin Liu 4,,Review,
Radiation,anatomical_site_irradiated,LEFT SUPRACLAVICULAR NODES,,,"SNOMED,LOINC",Structure of left supraclavicular lymph node,35632105,16217501000119107,Concept,Active,Inexact,Body Structure,Spec Anatomic Site,SNOMED,Manual,Justin Liu 4,,Review,
Radiation,anatomical_site_irradiated,RIGHT SUPRACLAVICULAR NODES,,,"SNOMED,LOINC",Structure of right supraclavicular lymph node,35632106,16217541000119109,Concept,Active,Inexact,Body Structure,Spec Anatomic Site,SNOMED,Manual,Justin Liu 4,,Review,
Radiation,anatomical_site_irradiated,BILATERAL SCALP,,,"SNOMED,LOINC",Entire scalp,4110225,181480002,Concept,Active,Inexact,Body Structure,Spec Anatomic Site,SNOMED,Manual,Justin Liu 4,,Review,
Radiation,anatomical_site_irradiated,LEFT SCALP,,,SNOMED,Structure of left half of scalp,4307573,422569009,Concept,Active,Inexact,Body Structure,Spec Anatomic Site,SNOMED,,Justin Liu 3,,Review,
Radiation,anatomical_site_irradiated,RIGHT SCALP,,,SNOMED,Structure of right half of scalp,4312775,425002002,Concept,Active,Inexact,Body Structure,Spec Anatomic Site,SNOMED,,Justin Liu 3,,Review,
Radiation,anatomical_site_irradiated,SCROTUM,,,SNOMED,Scrotum,4066714,20233005,Synonym,Active,Exact,Body Structure,Spec Anatomic Site,SNOMED,,Justin Liu 3,,Review,
Radiation,anatomical_site_irradiated,BILATERAL SHOULDER,,,"SNOMED,LOINC",Shoulder Bilateral,40782909,LP30271-8,Concept,Active,Inexact,LOINC System,Observation,LOINC,,Justin Liu 4,,Review,
Radiation,anatomical_site_irradiated,LEFT SHOULDER,,,,Left shoulder,4241290,91775009,Synonym,Active,Exact,Body Structure,Spec Anatomic Site,SNOMED,,Justin Liu,,Review,
Radiation,anatomical_site_irradiated,RIGHT SHOULDER,,,,Right shoulder,4240768,91774008,Synonym,Active,Exact,Body Structure,Spec Anatomic Site,SNOMED,,Justin Liu,,Review,
Radiation,anatomical_site_irradiated,WHOLE BODY - SKIN,,,"SNOMED,LOINC",Photodynamic therapy of skin of whole body,4182434,429730002,Concept,Active,Inexact*,Procedure,Procedure,SNOMED,,,,Review,What does this mean?
Radiation,anatomical_site_irradiated,SKULL,,,SNOMED,Skull,4230029,89546000,Synonym,Active,Exact,Body Structure,Spec Anatomic Site,SNOMED,,Justin Liu 3,,Review,
Radiation,anatomical_site_irradiated,CERVICAL & THORACIC SPINE,,,"SNOMED,LOINC",Cervicothoracic spine,4256907,408722000,Concept,Inactive,Inexact,Body Structure,Spec Anatomic Site,SNOMED,Manual,Justin Liu 4,,Review,
Radiation,anatomical_site_irradiated,SPHENOID SINUS,,,SNOMED,Sphenoid sinus,4097172,24999009,Synonym,Active,Exact,Body Structure,Spec Anatomic Site,SNOMED,,Justin Liu 3,,Review,
Radiation,anatomical_site_irradiated,CERVICAL SPINE,,,SNOMED,Cervical spine,4046743,122494005,Synonym,Active,Exact,Body Structure,Spec Anatomic Site,SNOMED,,Justin Liu 3,,Review,
Radiation,anatomical_site_irradiated,LUMBAR SPINE,,,SNOMED,Lumbar spine,4045660,122496007,Synonym,Active,Exact,Body Structure,Spec Anatomic Site,SNOMED,,Justin Liu 3,,Review,
Radiation,anatomical_site_irradiated,THORACIC SPINE,,,SNOMED,Thoracic spine,4047490,122495006,Synonym,Active,Exact,Body Structure,Spec Anatomic Site,SNOMED,,Justin Liu 3,,Review,
Radiation,anatomical_site_irradiated,WHOLE SPINE,,,SNOMED,Entire spine,4185891,44300000,Synonym,Active,Inexact,Body Structure,Spec Anatomic Site,SNOMED,Manual,Justin Liu 3,,Review,
Radiation,anatomical_site_irradiated,SPLEEN,,,SNOMED,Spleen,4302605,78961009,Synonym,Active,Exact,Body Structure,Spec Anatomic Site,SNOMED,,Justin Liu 3,,Review,
Radiation,anatomical_site_irradiated,LUMBO-SACRAL SPINE,,,SNOMED,Lumbosacral spine,4231489,356139006,Concept,Inactive,Inexact,Body Structure,Spec Anatomic Site,SNOMED,Manual,Justin Liu 3,,Review,
Radiation,anatomical_site_irradiated,THORACIC & LUMBAR SPINE,,,SNOMED,Joint structure of thoracic and lumbar spine,4125034,304574006,Synonym,Active,Inexact,Body Structure,Spec Anatomic Site,SNOMED,Manual,Justin Liu 3,,Review,
Radiation,anatomical_site_irradiated,STERNUM,,,SNOMED,Sternum,4211392,56873002,Synonym,Active,Exact,Body Structure,Spec Anatomic Site,SNOMED,,Justin Liu 3,,Review,
Radiation,anatomical_site_irradiated,STOMACH,,,SNOMED,Stomach,4288283,69695003,Synonym,Active,Exact,Body Structure,Spec Anatomic Site,SNOMED,,Justin Liu 3,,Review,
Radiation,anatomical_site_irradiated,SUBMANDIBULAR GLANDS,,,SNOMED,Submandibular gland,4299196,385296007,Synonym,Active,Inexact,Body Structure,Spec Anatomic Site,SNOMED,Manual,Justin Liu 3,,Review,
Radiation,anatomical_site_irradiated,LEFT TEMPLE,,,"SNOMED,LOINC",Temple region,42872729,450721000,Synonym,Active,Inexact,Body Structure,Spec Anatomic Site,SNOMED,Closest Parent,Justin Liu 4,,Review,
Radiation,anatomical_site_irradiated,RIGHT TEMPLE,,,"SNOMED,LOINC",Temple region,42872729,450721000,Synonym,Active,Inexact,Body Structure,Spec Anatomic Site,SNOMED,Closest Parent,Justin Liu 4,,Review,
Radiation,anatomical_site_irradiated,BILATERAL TESTIS,,,SNOMED,Both testes,4175643,42774007,Concept,Active,Exact,Body Structure,Spec Anatomic Site,SNOMED,,Justin Liu 3,,Review,
Radiation,anatomical_site_irradiated,LEFT TESTIS,,,,Left testis,4268604,63239009,Synonym,Active,Exact,Body Structure,Spec Anatomic Site,SNOMED,,Justin Liu,,Review,
Radiation,anatomical_site_irradiated,RIGHT TESTIS,,,,Right testis,4048865,15598003,Synonym,Active,Exact,Body Structure,Spec Anatomic Site,SNOMED,,Justin Liu,,Review,
Radiation,anatomical_site_irradiated,THYROID,,,SNOMED,Thyroid,4321375,69748006,Synonym,Active,Exact,Body Structure,Spec Anatomic Site,SNOMED,,Justin Liu 3,,Review,
Radiation,anatomical_site_irradiated,LEFT TIBIA,,,SNOMED,Bone structure of left tibia,36714322,719492002,Concept,Active,Inexact,Body Structure,Spec Anatomic Site,SNOMED,,Justin Liu 3,,Review,
Radiation,anatomical_site_irradiated,RIGHT TIBIA,,,SNOMED,Bone structure of right tibia,36714321,719491009,Concept,Active,Inexact,Body Structure,Spec Anatomic Site,SNOMED,,Justin Liu 3,,Review,
Radiation,anatomical_site_irradiated,LEFT TOES,,,SNOMED,Structure of toe of left foot,36715377,721027006,Concept,Active,Inexact,Body Structure,Spec Anatomic Site,SNOMED,Manual,Justin Liu 3,,Review,
Radiation,anatomical_site_irradiated,RIGHT TOES,,,SNOMED,Structure of toe of right foot,36715376,721026002,Concept,Active,Inexact,Body Structure,Spec Anatomic Site,SNOMED,Manual,Justin Liu 3,,Review,
Radiation,anatomical_site_irradiated,TONGUE,,,SNOMED,Tongue,4071678,21974007,Synonym,Active,Exact,Body Structure,Spec Anatomic Site,SNOMED,,Justin Liu 3,,Review,
Radiation,anatomical_site_irradiated,TONSIL,,,SNOMED,Tonsil,4327174,75573002,Synonym,Active,Exact,Body Structure,Spec Anatomic Site,SNOMED,,Justin Liu 3,,Review,
Radiation,anatomical_site_irradiated,TRACHEA,,,SNOMED,Trachea,4195956,44567001,Synonym,Active,Exact,Body Structure,Spec Anatomic Site,SNOMED,,Justin Liu 3,,Review,
Radiation,anatomical_site_irradiated,LEFT ULNA,,,SNOMED,Bone structure of left ulna,36714297,719462006,Concept,Active,Inexact,Body Structure,Spec Anatomic Site,SNOMED,,Justin Liu 3,,Review,
Radiation,anatomical_site_irradiated,RIGHT ULNA,,,SNOMED,Bone structure of right ulna,36714298,719463001,Concept,Active,Inexact,Body Structure,Spec Anatomic Site,SNOMED,,Justin Liu 3,,Review,
Radiation,anatomical_site_irradiated,LEFT URETER,,,,Left ureter,4131503,26559004,Synonym,Active,Exact,Body Structure,Spec Anatomic Site,SNOMED,,Justin Liu,,Review,
Radiation,anatomical_site_irradiated,RIGHT URETER,,,,Right ureter,4099074,25308007,Synonym,Active,Exact,Body Structure,Spec Anatomic Site,SNOMED,,Justin Liu,,Review,
Radiation,anatomical_site_irradiated,URETHRA,,,SNOMED,Urethra,4029306,13648007,Synonym,Active,Exact,Body Structure,Spec Anatomic Site,SNOMED,,Justin Liu 3,,Review,
Radiation,anatomical_site_irradiated,UTERUS,,,SNOMED,Uterus,4149192,35039007,Synonym,Active,Exact,Body Structure,Spec Anatomic Site,SNOMED,,Justin Liu 3,,Review,
Radiation,anatomical_site_irradiated,UVULA,,,SNOMED,Uvula,4095284,26140008,Synonym,Active,Exact,Body Structure,Spec Anatomic Site,SNOMED,,Justin Liu 3,,Review,
Radiation,anatomical_site_irradiated,VAGINA,,,SNOMED,Vagina,4296022,76784001,Synonym,Active,Exact,Body Structure,Spec Anatomic Site,SNOMED,,Justin Liu 3,,Review,
Radiation,anatomical_site_irradiated,VULVA,,,SNOMED,Vulva,4166066,45292006,Synonym,Active,Exact,Body Structure,Spec Anatomic Site,SNOMED,,Justin Liu 3,,Review,
Radiation,anatomical_site_irradiated,ABDOMEN,,,SNOMED,Abdomen,37303867,818983003,Concept,Active,Exact,Body Structure,Spec Anatomic Site,SNOMED,,Justin Liu 3,,Review,
Radiation,anatomical_site_irradiated,BODY,,,SNOMED,Entire body as a whole,4242541,38266002,Concept,Active,Inexact,Body Structure,Spec Anatomic Site,SNOMED,Manual,Justin Liu 3,,Review,
Radiation,anatomical_site_irradiated,CHEST,,,SNOMED,Chest,4199473,51185008,Synonym,Active,Exact,Body Structure,Spec Anatomic Site,SNOMED,,Justin Liu 3,,Review,
Radiation,anatomical_site_irradiated,HEAD,,,,Head,4287390,69536005,Synonym,Active,Exact,Body Structure,Spec Anatomic Site,SNOMED,,Justin Liu 2,,Review,
Radiation,anatomical_site_irradiated,LOWER LIMB,,,,Lower limb,4267861,61685007,Synonym,Active,Exact,Body Structure,Spec Anatomic Site,SNOMED,,Justin Liu,,Review,
Radiation,anatomical_site_irradiated,NECK,,,SNOMED,Neck,4260843,45048000,Synonym,Active,Exact,Body Structure,Spec Anatomic Site,SNOMED,,Justin Liu 3,,Review,
Radiation,anatomical_site_irradiated,OTHER,,,,Other,9177,74964007,Concept,Active,Exact,Qualifier Value,Meas Value,SNOMED,,Justin Liu,,Review,
Radiation,anatomical_site_irradiated,PELVIS,,,SNOMED,Pelvis,4044034,12921003,Synonym,Active,Exact,Body Structure,Spec Anatomic Site,SNOMED,,Justin Liu 3,,Review,
Radiation,anatomical_site_irradiated,SKIN,,,SNOMED,Skin,4219601,39937001,Synonym,Active,Exact,Body Structure,Spec Anatomic Site,SNOMED,,Justin Liu 3,,Review,
Radiation,anatomical_site_irradiated,SPINE,,,SNOMED,Spine,4227378,421060004,Synonym,Active,Exact,Body Structure,Spec Anatomic Site,SNOMED,,Justin Liu 3,,Review,
Radiation,anatomical_site_irradiated,UPPER LIMB,,,SNOMED,Upper limb,4200396,53120007,Synonym,Active,Exact,Body Structure,Spec Anatomic Site,SNOMED,,Justin Liu 3,,Review,
Radiation,anatomical_site_irradiated,Not available,,,,Not available,45884396,LA7338-2,Concept,Active,Exact,Answer,Meas Value,LOINC,,Justin Liu,,Review,
Radiation,radiation_boost,Yes,,,,Yes,4188539,373066001,Concept,Active,Exact,Qualifier Value,Meas Value,SNOMED,,Justin Liu,,Review,
Radiation,radiation_boost,No,,,,No,4188540,373067005,Concept,Active,Exact,Qualifier Value,Meas Value,SNOMED,,Justin Liu,,Review,
Radiation,radiation_boost,Not available,,,,Not available,45884396,LA7338-2,Concept,Active,Exact,Answer,Meas Value,LOINC,,Justin Liu,,Review,
Surgery,surgery_reference_database,SNOMED,,,,SNOMED CT,37079429,LA29744-2,Concept,Active,Inexact,Answer,Meas Value,LOINC,,Justin Liu 3,,Review,
Surgery,surgery_reference_database,NCIt,,,,,,,,,No Match,,,,,,,Review,
Surgery,surgery_reference_database,UMLS,,,,,,,,,No Match,,,,,,,Review,
Surgery,surgery_reference_database,CCI,,,,,,,,,No Match,,,,,,,Review,
Surgery,surgery_location,Local recurrence,,,,Recurrent tumour,4097297,25173007,Synonym,Active,Inexact,Disorder,Condition,SNOMED,Manual,Justin Liu,,Review,
Surgery,surgery_location,Metastatic,,,,"Tumour, metastatic",4032806,14799000,Synonym,Active,Inexact,Morph Abnormality,Observation,SNOMED,Manual,Justin Liu,,Review,
Surgery,surgery_location,Primary,,,,"Malignant neoplasm, primary",4312326,86049000,Synonym,Inactive,Inexact,Morph Abnormality,Observation,SNOMED,Manual,Justin Liu,,Review,
Surgery,tumour_focality,Cannot be assessed,,,,Cannot be assessed,607928,1156316003,Synonym,Active,Exact,Qualifier Value,Meas Value,SNOMED,,Justin Liu,,Review,
Surgery,tumour_focality,Multifocal,,,,Multifocal,4181140,524008,Concept,Active,Exact,Qualifier Value,Meas Value,SNOMED,,Justin Liu,,Review,
Surgery,tumour_focality,Not applicable,,,,Not applicable,4294169,385432009,Concept,Active,Exact,Qualifier Value,Meas Value,SNOMED,,Justin Liu,,Review,
Surgery,tumour_focality,Not available,,,,Not available,45884396,LA7338-2,Concept,Active,Exact,Answer,Meas Value,LOINC,,Justin Liu,,Review,
Surgery,tumour_focality,Unifocal,,,,Unifocal,4126041,261034003,Concept,Active,Exact,Qualifier Value,Meas Value,SNOMED,,Justin Liu,,Review,
Surgery,residual_tumour_classification,Not applicable,,,,Not applicable,4294169,385432009,Concept,Active,Exact,Qualifier Value,Meas Value,SNOMED,,Justin Liu,,Review,
Surgery,residual_tumour_classification,Not available,,,,Not available,45884396,LA7338-2,Concept,Active,Exact,Answer,Meas Value,LOINC,,Justin Liu,,Review,
Surgery,residual_tumour_classification,RX,,,,RX,37163891,1222641001,Concept,Active,Exact,Qualifier Value,Meas Value,SNOMED,,Justin Liu,,Review,
Surgery,residual_tumour_classification,R0,,,,R0,36307687,LA26542-3,Concept,Active,Exact,Answer,Meas Value,LOINC,,Justin Liu,,Review,
Surgery,residual_tumour_classification,R1,,,,R1,36311187,LA26543-1,Concept,Active,Exact,Answer,Meas Value,LOINC,,Justin Liu,,Review,
Surgery,residual_tumour_classification,R2,,,,R2,36308125,LA26544-9,Concept,Active,Exact,Answer,Meas Value,LOINC,,Justin Liu,,Review,
Surgery,margin_types_involved,Circumferential resection margin,,,,Circumferential resection margin,4245000,396271002,Synonym,Active,Exact,Clinical Finding,Measurement,SNOMED,,Justin Liu,,Review,
Surgery,margin_types_involved,Common bile duct margin,,,SNOMED,Bile duct surgical margin,37151823,1156986004,Concept,Active,Inexact,Morph Abnormality,Observation,SNOMED,Manual,Justin Liu 4,,Review,
Surgery,margin_types_involved,Distal margin,,,,Distal margin,36210387,LA27149-6,Concept,Active,Exact,Answer,Meas Value,LOINC,,Justin Liu,,Review,
Surgery,margin_types_involved,Not applicable,,,,Not applicable,4294169,385432009,Concept,Active,Exact,Qualifier Value,Meas Value,SNOMED,,Justin Liu,,Review,
Surgery,margin_types_involved,Not available,,,,Not available,45884396,LA7338-2,Concept,Active,Exact,Answer,Meas Value,LOINC,,Justin Liu,,Review,
Surgery,margin_types_involved,Proximal margin,,,,Proximal margin,36210244,LA27145-4,Concept,Active,Exact,Answer,Meas Value,LOINC,,Justin Liu,,Review,
Surgery,margin_types_not_involved,Circumferential resection margin,,,,Circumferential resection margin,4245000,396271002,Synonym,Active,Exact,Clinical Finding,Measurement,SNOMED,,Justin Liu,,Review,
Surgery,margin_types_not_involved,Common bile duct margin,,,SNOMED,Bile duct surgical margin,37151823,1156986004,Concept,Active,Inexact,Morph Abnormality,Observation,SNOMED,Manual,Justin Liu 4,,Review,
Surgery,margin_types_not_involved,Distal margin,,,,Distal margin,36210387,LA27149-6,Concept,Active,Exact,Answer,Meas Value,LOINC,,Justin Liu,,Review,
Surgery,margin_types_not_involved,Not applicable,,,,Not applicable,4294169,385432009,Concept,Active,Exact,Qualifier Value,Meas Value,SNOMED,,Justin Liu,,Review,
Surgery,margin_types_not_involved,Not available,,,,Not available,45884396,LA7338-2,Concept,Active,Exact,Answer,Meas Value,LOINC,,Justin Liu,,Review,
Surgery,margin_types_not_involved,Proximal margin,,,,Proximal margin,36210244,LA27145-4,Concept,Active,Exact,Answer,Meas Value,LOINC,,Justin Liu,,Review,
Surgery,margin_types_not_assessed,Circumferential resection margin,,,,Circumferential resection margin,4245000,396271002,Synonym,Active,Exact,Clinical Finding,Measurement,SNOMED,,Justin Liu,,Review,
Surgery,margin_types_not_assessed,Common bile duct margin,,,SNOMED,Bile duct surgical margin,37151823,1156986004,Concept,Active,Inexact,Morph Abnormality,Observation,SNOMED,Manual,Justin Liu 4,,Review,
Surgery,margin_types_not_assessed,Distal margin,,,,Distal margin,36210387,LA27149-6,Concept,Active,Exact,Answer,Meas Value,LOINC,,Justin Liu,,Review,
Surgery,margin_types_not_assessed,Not applicable,,,,Not applicable,4294169,385432009,Concept,Active,Exact,Qualifier Value,Meas Value,SNOMED,,Justin Liu,,Review,
Surgery,margin_types_not_assessed,Proximal margin,,,,Proximal margin,36210244,LA27145-4,Concept,Active,Exact,Answer,Meas Value,LOINC,,Justin Liu,,Review,
Surgery,margin_types_not_assessed,Not available,,,,Not available,45884396,LA7338-2,Concept,Active,Exact,Answer,Meas Value,LOINC,,Justin Liu,,Review,
Surgery,lymphovascular_invasion,Absent,,,,Absent,4132135,2667000,Concept,Active,Exact,Qualifier Value,Meas Value,SNOMED,,Justin Liu,,Review,
Surgery,lymphovascular_invasion,Both lymphatic and small vessel and venous (large vessel) invasion,,,SNOMED,Venous (large vessel)/lymphatic (small vessel) tumor invasion finding,4294167,385419004,Concept,Active,Inexact,Clinical Finding,Condition,SNOMED,Manual,Justin Liu 4,,Review,
Surgery,lymphovascular_invasion,Lymphatic and small vessel invasion only,,,SNOMED,Lymphatic (small vessel) tumour invasion finding,4299336,385414009,Synonym,Active,Inexact,Clinical Finding,Condition,SNOMED,Manual,Justin Liu 4,,Review,
Surgery,lymphovascular_invasion,Not applicable,,,,Not applicable,4294169,385432009,Concept,Active,Exact,Qualifier Value,Meas Value,SNOMED,,Justin Liu,,Review,
Surgery,lymphovascular_invasion,Not available,,,,Not available,45884396,LA7338-2,Concept,Active,Exact,Answer,Meas Value,LOINC,,Justin Liu,,Review,
Surgery,lymphovascular_invasion,Present,,,,Present,4181412,52101004,Concept,Active,Exact,Qualifier Value,Meas Value,SNOMED,,Justin Liu,,Review,
Surgery,lymphovascular_invasion,Venous (large vessel) invasion only,,,SNOMED,Venous (large vessel) invasion by tumor present,4184072,369732007,Concept,Active,Inexact,Clinical Finding,Condition,SNOMED,Manual,Justin Liu 4,,Review,
Surgery,perineural_invasion,Absent,,,,Absent,4132135,2667000,Concept,Active,Exact,Qualifier Value,Meas Value,SNOMED,,Justin Liu,,Review,
Surgery,perineural_invasion,Cannot be assessed,,,,Cannot be assessed,607928,1156316003,Synonym,Active,Exact,Qualifier Value,Meas Value,SNOMED,,Justin Liu,,Review,
Surgery,perineural_invasion,Not applicable,,,,Not applicable,4294169,385432009,Concept,Active,Exact,Qualifier Value,Meas Value,SNOMED,,Justin Liu,,Review,
Surgery,perineural_invasion,Not available,,,,Not available,45884396,LA7338-2,Concept,Active,Exact,Answer,Meas Value,LOINC,,Justin Liu,,Review,
Surgery,perineural_invasion,Present,,,,Present,4181412,52101004,Concept,Active,Exact,Qualifier Value,Meas Value,SNOMED,,Justin Liu,,Review,
Follow Up,disease_status_at_followup,Complete remission,,,,Complete response,36309727,LA28366-5,Concept,Active,Inexact,Answer,Meas Value,LOINC,Manual,Justin Liu 4,,Review,
Follow Up,disease_status_at_followup,Distant progression,,,,Progressive disease,36308003,LA28370-7,Concept,Active,Inexact,Answer,Meas Value,LOINC,Closest Parent,Justin Liu 4,,Review,
Follow Up,disease_status_at_followup,Loco-regional progression,,,,Progressive disease,36308003,LA28370-7,Concept,Active,Inexact,Answer,Meas Value,LOINC,Closest Parent,Justin Liu 4,,Review,
Follow Up,disease_status_at_followup,No evidence of disease,,,,No Evidence of this Cancer,36310520,LA4566-1,Concept,Active,Inexact,Answer,Meas Value,LOINC,Manual,Justin Liu 4,,Review,
Follow Up,disease_status_at_followup,Not available,,,,Not available,45884396,LA7338-2,Concept,Active,Exact,Answer,Meas Value,LOINC,,Justin Liu,,Review,
Follow Up,disease_status_at_followup,Partial remission,,,,Partial response,36309453,LA28369-9,Concept,Active,Inexact,Answer,Meas Value,LOINC,Manual,Justin Liu,,Review,
Follow Up,disease_status_at_followup,Progression not otherwise specified,,,,Progressive disease,36308003,LA28370-7,Concept,Active,Inexact,Answer,Meas Value,LOINC,Closest Parent,Justin Liu 4,,Review,
Follow Up,disease_status_at_followup,Relapse or recurrence,,,,Disease Recurrence,32529,OMOP4822258,Concept,Inactive,Inexact,Disease Extent,Episode,Episode,Manual,Justin Liu 4,,Review,
Follow Up,disease_status_at_followup,Stable,,,,Stable disease,36309215,LA28371-5,Concept,Active,Inexact,Answer,Meas Value,LOINC,Manual,Justin Liu 4,,Review,
Follow Up,relapse_type,Biochemical progression,,,,Progressive disease,36308003,LA28370-7,Concept,Active,Inexact,Answer,Meas Value,LOINC,Closest Parent,Justin Liu 4,,Review,
Follow Up,relapse_type,Distant recurrence/metastasis,,,,Distant metastasis,1620371,LA32356-0,Concept,Active,Inexact,Answer,Meas Value,LOINC,Closest Parent,Justin Liu 4,,Review,
Follow Up,relapse_type,Local recurrence,,,,Local recurrent tumor,1620958,LA32355-2,Concept,Active,Inexact,Answer,Meas Value,LOINC,Manual,Justin Liu 4,,Review,
Follow Up,relapse_type,Local recurrence and distant metastasis,,,,Primary or recurrent or distant metastasis,1619237,LP428168-1,Concept,Active,Inexact,LOINC Component,Observation,LOINC,Closest Parent,Justin Liu 4,,Review,
Follow Up,relapse_type,Not available,,,,Not available,45884396,LA7338-2,Concept,Active,Exact,Answer,Meas Value,LOINC,,Justin Liu,,Review,
Follow Up,relapse_type,Progression,,,,Progressive disease,36308003,LA28370-7,Concept,Active,Inexact,Answer,Meas Value,LOINC,Manual,Justin Liu 4,,Review,
Follow Up,method_of_progression_status,Imaging (procedure),,,,Imaging (procedure),4180938,363679005,Synonym,Active,Exact,Procedure,Procedure,SNOMED,,Justin Liu,,Review,
Follow Up,method_of_progression_status,Histopathology test (procedure),,,,Histopathology test (procedure),4098214,252416005,Synonym,Active,Exact,Procedure,Measurement,SNOMED,,Justin Liu,,Review,
Follow Up,method_of_progression_status,Assessment of symptom control (procedure),,,,Assessment of symptom control (procedure),46272623,711015009,Synonym,Active,Exact,Procedure,Procedure,SNOMED,,Justin Liu,,Review,
Follow Up,method_of_progression_status,Physical examination procedure (procedure),,,,Physical examination procedure (procedure),4240345,5880005,Synonym,Active,Exact,Procedure,Procedure,SNOMED,,Justin Liu,,Review,
Follow Up,method_of_progression_status,Tumor marker measurement (procedure),,,,Tumor marker measurement (procedure),4353605,250724005,Synonym,Active,Exact,Procedure,Measurement,SNOMED,,Justin Liu,,Review,
Follow Up,method_of_progression_status,Laboratory data interpretation (procedure),,,,Laboratory data interpretation (procedure),4303425,386344002,Synonym,Active,Exact,Procedure,Procedure,SNOMED,,Justin Liu,,Review,
Biomarker,er_status,Cannot be determined,,,,Cannot be determined,607928,1156316003,Concept,Active,Exact,Qualifier Value,Meas Value,SNOMED,,Justin Liu,,Review,
Biomarker,er_status,Negative,,,,Negative,9189,260385009,Concept,Active,Exact,Qualifier Value,Meas Value,SNOMED,,Justin Liu,,Review,
Biomarker,er_status,Not applicable,,,,Not applicable,4294169,385432009,Concept,Active,Exact,Qualifier Value,Meas Value,SNOMED,,Justin Liu,,Review,
Biomarker,er_status,Not available,,,,Not available,45884396,LA7338-2,Concept,Active,Exact,Answer,Meas Value,LOINC,,Justin Liu,,Review,
Biomarker,er_status,Positive,,,,Positive,9191,10828004,Concept,Active,Exact,Qualifier Value,Meas Value,SNOMED,,Justin Liu,,Review,
Biomarker,pr_status,Cannot be determined,,,,Cannot be determined,607928,1156316003,Concept,Active,Exact,Qualifier Value,Meas Value,SNOMED,,Justin Liu,,Review,
Biomarker,pr_status,Negative,,,,Negative,9189,260385009,Concept,Active,Exact,Qualifier Value,Meas Value,SNOMED,,Justin Liu,,Review,
Biomarker,pr_status,Not applicable,,,,Not applicable,4294169,385432009,Concept,Active,Exact,Qualifier Value,Meas Value,SNOMED,,Justin Liu,,Review,
Biomarker,pr_status,Not available,,,,Not available,45884396,LA7338-2,Concept,Active,Exact,Answer,Meas Value,LOINC,,Justin Liu,,Review,
Biomarker,pr_status,Positive,,,,Positive,9191,10828004,Concept,Active,Exact,Qualifier Value,Meas Value,SNOMED,,Justin Liu,,Review,
Biomarker,her2_ihc_status,Cannot be determined,,,,Cannot be determined,607928,1156316003,Concept,Active,Exact,Qualifier Value,Meas Value,SNOMED,,Justin Liu,,Review,
Biomarker,her2_ihc_status,Equivocal,,,,Equivocal,4172976,42425007,Concept,Active,Exact,Qualifier Value,Meas Value,SNOMED,,Justin Liu,,Review,
Biomarker,her2_ihc_status,Negative,,,,Negative,9189,260385009,Concept,Active,Exact,Qualifier Value,Meas Value,SNOMED,,Justin Liu,,Review,
Biomarker,her2_ihc_status,Not applicable,,,,Not applicable,4294169,385432009,Concept,Active,Exact,Qualifier Value,Meas Value,SNOMED,,Justin Liu,,Review,
Biomarker,her2_ihc_status,Not available,,,,Not available,45884396,LA7338-2,Concept,Active,Exact,Answer,Meas Value,LOINC,,Justin Liu,,Review,
Biomarker,her2_ihc_status,Positive,,,,Positive,9191,10828004,Concept,Active,Exact,Qualifier Value,Meas Value,SNOMED,,Justin Liu,,Review,
Biomarker,her2_ish_status,Cannot be determined,,,,Cannot be determined,607928,1156316003,Concept,Active,Exact,Qualifier Value,Meas Value,SNOMED,,Justin Liu,,Review,
Biomarker,her2_ish_status,Equivocal,,,,Equivocal,4172976,42425007,Concept,Active,Exact,Qualifier Value,Meas Value,SNOMED,,Justin Liu,,Review,
Biomarker,her2_ish_status,Negative,,,,Negative,9189,260385009,Concept,Active,Exact,Qualifier Value,Meas Value,SNOMED,,Justin Liu,,Review,
Biomarker,her2_ish_status,Not applicable,,,,Not applicable,4294169,385432009,Concept,Active,Exact,Qualifier Value,Meas Value,SNOMED,,Justin Liu,,Review,
Biomarker,her2_ish_status,Not available,,,,Not available,45884396,LA7338-2,Concept,Active,Exact,Answer,Meas Value,LOINC,,Justin Liu,,Review,
Biomarker,her2_ish_status,Positive,,,,Positive,9191,10828004,Concept,Active,Exact,Qualifier Value,Meas Value,SNOMED,,Justin Liu,,Review,
Biomarker,hpv_ihc_status,Cannot be determined,,,,Cannot be determined,607928,1156316003,Concept,Active,Exact,Qualifier Value,Meas Value,SNOMED,,Justin Liu,,Review,
Biomarker,hpv_ihc_status,Negative,,,,Negative,9189,260385009,Concept,Active,Exact,Qualifier Value,Meas Value,SNOMED,,Justin Liu,,Review,
Biomarker,hpv_ihc_status,Not applicable,,,,Not applicable,4294169,385432009,Concept,Active,Exact,Qualifier Value,Meas Value,SNOMED,,Justin Liu,,Review,
Biomarker,hpv_ihc_status,Not available,,,,Not available,45884396,LA7338-2,Concept,Active,Exact,Answer,Meas Value,LOINC,,Justin Liu,,Review,
Biomarker,hpv_ihc_status,Positive,,,,Positive,9191,10828004,Concept,Active,Exact,Qualifier Value,Meas Value,SNOMED,,Justin Liu,,Review,
Biomarker,hpv_pcr_status,Cannot be determined,,,,Cannot be determined,607928,1156316003,Concept,Active,Exact,Qualifier Value,Meas Value,SNOMED,,Justin Liu,,Review,
Biomarker,hpv_pcr_status,Negative,,,,Negative,9189,260385009,Concept,Active,Exact,Qualifier Value,Meas Value,SNOMED,,Justin Liu,,Review,
Biomarker,hpv_pcr_status,Not applicable,,,,Not applicable,4294169,385432009,Concept,Active,Exact,Qualifier Value,Meas Value,SNOMED,,Justin Liu,,Review,
Biomarker,hpv_pcr_status,Not available,,,,Not available,45884396,LA7338-2,Concept,Active,Exact,Answer,Meas Value,LOINC,,Justin Liu,,Review,
Biomarker,hpv_pcr_status,Positive,,,,Positive,9191,10828004,Concept,Active,Exact,Qualifier Value,Meas Value,SNOMED,,Justin Liu,,Review,
Biomarker,hpv_strain,HPV16,,,"SNOMED,LOINC",,,,,,No Match,,,,,,,Review,
Biomarker,hpv_strain,HPV18,,,"SNOMED,LOINC",,,,,,No Match,,,,,,,Review,
Biomarker,hpv_strain,HPV31,,,"SNOMED,LOINC",,,,,,No Match,,,,,,,Review,
Biomarker,hpv_strain,HPV33,,,"SNOMED,LOINC",,,,,,No Match,,,,,,,Review,
Biomarker,hpv_strain,HPV35,,,"SNOMED,LOINC",,,,,,No Match,,,,,,,Review,
Biomarker,hpv_strain,HPV39,,,"SNOMED,LOINC",,,,,,No Match,,,,,,,Review,
Biomarker,hpv_strain,HPV45,,,"SNOMED,LOINC",,,,,,No Match,,,,,,,Review,
Biomarker,hpv_strain,HPV51,,,"SNOMED,LOINC",,,,,,No Match,,,,,,,Review,
Biomarker,hpv_strain,HPV52,,,"SNOMED,LOINC",,,,,,No Match,,,,,,,Review,
Biomarker,hpv_strain,HPV56,,,"SNOMED,LOINC",,,,,,No Match,,,,,,,Review,
Biomarker,hpv_strain,HPV58,,,"SNOMED,LOINC",,,,,,No Match,,,,,,,Review,
Biomarker,hpv_strain,HPV59,,,"SNOMED,LOINC",,,,,,No Match,,,,,,,Review,
Biomarker,hpv_strain,HPV66,,,"SNOMED,LOINC",,,,,,No Match,,,,,,,Review,
Biomarker,hpv_strain,HPV68,,,"SNOMED,LOINC",,,,,,No Match,,,,,,,Review,
Biomarker,hpv_strain,HPV73,,,"SNOMED,LOINC",,,,,,No Match,,,,,,,Review,
Comorbidity,prior_malignancy,Yes,,,,Yes,4188539,373066001,Concept,Active,Exact,Qualifier Value,Meas Value,SNOMED,,Justin Liu,,Review,
Comorbidity,prior_malignancy,No,,,,No,4188540,373067005,Concept,Active,Exact,Qualifier Value,Meas Value,SNOMED,,Justin Liu,,Review,
Comorbidity,prior_malignancy,Not available,,,,Not available,45884396,LA7338-2,Concept,Active,Exact,Answer,Meas Value,LOINC,,Justin Liu,,Review,
Comorbidity,laterality_of_prior_malignancy,Bilateral,,,Cancer Modifier,Bilateral,36770109,OMOP4999787,Concept,Active,Exact,Topography,Measurement,Cancer Modifier,,Justin Liu,,Review,
Comorbidity,laterality_of_prior_malignancy,Left,,,Cancer Modifier,Left,36770232,OMOP4999911,Concept,Active,Exact,Topography,Measurement,Cancer Modifier,,Justin Liu,,Review,
Comorbidity,laterality_of_prior_malignancy,Midline,,,Cancer Modifier,Midline,36769853,OMOP4999531,Concept,Active,Exact,Topography,Measurement,Cancer Modifier,,Justin Liu,,Review,
Comorbidity,laterality_of_prior_malignancy,Not applicable,,,,Not applicable,4294169,385432009,Concept,Active,Exact,Qualifier Value,Meas Value,SNOMED,,Justin Liu,,Review,
Comorbidity,laterality_of_prior_malignancy,Not available,,,,Not available,45884396,LA7338-2,Concept,Active,Exact,Answer,Meas Value,LOINC,,Justin Liu,,Review,
Comorbidity,laterality_of_prior_malignancy,Right,,,Cancer Modifier,Right,36770058,OMOP4999736,Concept,Active,Exact,Topography,Measurement,Cancer Modifier,,Justin Liu,,Review,
Comorbidity,laterality_of_prior_malignancy,"Unilateral, Side not specified",,,,Unilateral,21498518,LA25378-3,Concept,Active,Inexact,Answer,Meas Value,LOINC,Manual,Justin Liu 4,,Review,
Comorbidity,comorbidity_treatment_status,Yes,,,,Yes,4188539,373066001,Concept,Active,Exact,Qualifier Value,Meas Value,SNOMED,,Justin Liu,,Review,
Comorbidity,comorbidity_treatment_status,No,,,,No,4188540,373067005,Concept,Active,Exact,Qualifier Value,Meas Value,SNOMED,,Justin Liu,,Review,
Comorbidity,comorbidity_treatment_status,Not available,,,,Not available,45884396,LA7338-2,Concept,Active,Exact,Answer,Meas Value,LOINC,,Justin Liu,,Review,
Exposure,tobacco_smoking_status,Current reformed smoker for <= 15 years,,,SNOMED,Ex-smoker,4310250,8517006,Concept,Active,Inexact,Clinical Finding,Observation,SNOMED,Closest Parent,Justin Liu 4,,Review,
Exposure,tobacco_smoking_status,Current reformed smoker for > 15 years,,,SNOMED,Ex-smoker,4310250,8517006,Concept,Active,Inexact,Clinical Finding,Observation,SNOMED,Closest Parent,Justin Liu 4,,Review,
Exposure,tobacco_smoking_status,"Current reformed smoker, duration not specified",,,SNOMED,Ex-smoker,4310250,8517006,Concept,Active,Inexact,Clinical Finding,Observation,SNOMED,Closest Parent,Justin Liu 4,,Review,
Exposure,tobacco_smoking_status,Current smoker,,,,Current smoker,4298794,77176002,Synonym,Active,Exact,Clinical Finding,Observation,SNOMED,,Justin Liu,,Review,
Exposure,tobacco_smoking_status,Lifelong non-smoker (<100 cigarettes smoked in lifetime),,,SNOMED,Non-smoker,4222303,8392000,Concept,Active,Inexact,Clinical Finding,Observation,SNOMED,Closest Parent,Justin Liu 4,,Review,
Exposure,tobacco_smoking_status,Not applicable,,,,Not applicable,4294169,385432009,Concept,Active,Exact,Qualifier Value,Meas Value,SNOMED,,Justin Liu,,Review,
Exposure,tobacco_smoking_status,Not available,,,,Not available,45884396,LA7338-2,Concept,Active,Exact,Answer,Meas Value,LOINC,,Justin Liu,,Review,
Exposure,tobacco_type,Chewing Tobacco,,,,Chewing tobacco,4219234,81911001,Concept,Active,Exact,Substance,Observation,SNOMED,,Justin Liu,,Review,
Exposure,tobacco_type,Cigar,,,,Cigar,36716476,722497008,Concept,Active,Exact,Physical Object,Observation,SNOMED,,Justin Liu 2,,Review,
Exposure,tobacco_type,Cigarettes,,,,Cigarettes,45877288,LA15332-2,Concept,Active,Exact,Answer,Meas Value,LOINC,,Justin Liu,,Review,
Exposure,tobacco_type,Electronic cigarettes,,,SNOMED,Electronic cigarette,36716477,722498003,Concept,Active,Inexact,Physical Object,Observation,SNOMED,Manual,Justin Liu 4,,Review,
Exposure,tobacco_type,Not applicable,,,,Not applicable,4294169,385432009,Concept,Active,Exact,Qualifier Value,Meas Value,SNOMED,,Justin Liu,,Review,
Exposure,tobacco_type,Not available,,,,Not available,45884396,LA7338-2,Concept,Active,Exact,Answer,Meas Value,LOINC,,Justin Liu,,Review,
Exposure,tobacco_type,Pipe,,,,Pipe,45879808,LA16128-3,Concept,Active,Exact,Answer,Meas Value,LOINC,,Justin Liu,,Review,
Exposure,tobacco_type,Roll-ups,,,SNOMED,,,,,,No Match,,,,,,,Review,
Exposure,tobacco_type,Snuff,,,,Snuff tobacco,4218197,39789004,Concept,Active,Inexact,Substance,Observation,SNOMED,,Justin Liu 2,,Review,
Exposure,tobacco_type,Waterpipe,,,,Waterpipe,36716474,722495000,Synonym,Active,Exact,Physical Object,Observation,SNOMED,,Justin Liu,,Review,
